시도,시군구,연령,발생건수,사망자수,부상자수,중상,경상,부상신고
서울,종로구,12세이하,1,0,1,0,0,1
서울,종로구,13-20세,15,0,20,3,11,6
서울,종로구,21-30세,125,0,157,27,97,33
서울,종로구,31-40세,158,1,217,44,142,31
서울,종로구,41-50세,179,1,238,61,153,24
서울,종로구,51-60세,305,4,413,82,293,38
서울,종로구,61-64세,120,0,178,34,132,12
서울,종로구,65세이상,205,0,295,66,191,38
서울,종로구,불명,26,0,27,3,20,4
서울,중구,13-20세,15,0,20,2,14,4
서울,중구,21-30세,112,0,153,34,99,20
서울,중구,31-40세,157,1,233,48,162,23
서울,중구,41-50세,188,1,232,62,142,28
서울,중구,51-60세,292,3,388,115,239,34
서울,중구,61-64세,118,1,164,48,92,24
서울,중구,65세이상,208,3,276,65,183,28
서울,중구,불명,38,0,40,6,31,3
서울,용산구,13-20세,18,0,23,5,17,1
서울,용산구,21-30세,151,2,223,61,151,11
서울,용산구,31-40세,220,5,316,70,224,22
서울,용산구,41-50세,203,1,267,44,208,15
서울,용산구,51-60세,300,3,427,87,324,16
서울,용산구,61-64세,152,2,233,53,169,11
서울,용산구,65세이상,231,1,297,81,209,7
서울,용산구,불명,55,0,66,4,41,21
서울,성동구,12세이하,3,0,3,2,1,0
서울,성동구,13-20세,35,0,43,12,26,5
서울,성동구,21-30세,135,2,175,36,120,19
서울,성동구,31-40세,178,1,262,60,188,14
서울,성동구,41-50세,201,1,274,44,217,13
서울,성동구,51-60세,280,2,368,80,251,37
서울,성동구,61-64세,114,2,165,35,121,9
서울,성동구,65세이상,154,1,223,49,166,8
서울,성동구,불명,43,0,48,8,36,4
서울,동대문구,12세이하,4,0,4,0,2,2
서울,동대문구,13-20세,58,0,78,23,44,11
서울,동대문구,21-30세,207,2,264,55,185,24
서울,동대문구,31-40세,262,2,340,108,210,22
서울,동대문구,41-50세,300,3,384,111,248,25
서울,동대문구,51-60세,419,5,527,152,356,19
서울,동대문구,61-64세,145,1,190,53,124,13
서울,동대문구,65세이상,267,1,334,90,217,27
서울,동대문구,불명,37,0,39,5,22,12
서울,성북구,12세이하,1,0,1,0,0,1
서울,성북구,13-20세,46,2,62,12,33,17
서울,성북구,21-30세,191,2,253,63,174,16
서울,성북구,31-40세,183,1,257,51,191,15
서울,성북구,41-50세,253,0,323,85,220,18
서울,성북구,51-60세,325,5,460,96,347,17
서울,성북구,61-64세,154,0,210,41,164,5
서울,성북구,65세이상,243,4,378,93,259,26
서울,성북구,불명,31,0,36,1,23,12
서울,도봉구,12세이하,3,0,3,0,1,2
서울,도봉구,13-20세,31,0,37,11,15,11
서울,도봉구,21-30세,88,0,128,33,72,23
서울,도봉구,31-40세,94,0,123,32,83,8
서울,도봉구,41-50세,137,1,179,46,116,17
서울,도봉구,51-60세,217,2,275,90,162,23
서울,도봉구,61-64세,91,1,120,30,83,7
서울,도봉구,65세이상,147,2,180,36,120,24
서울,도봉구,불명,16,0,16,3,7,6
서울,은평구,12세이하,1,0,1,0,1,0
서울,은평구,13-20세,42,2,49,10,29,10
서울,은평구,21-30세,114,2,166,36,107,23
서울,은평구,31-40세,147,0,226,53,159,14
서울,은평구,41-50세,197,0,301,71,193,37
서울,은평구,51-60세,287,4,395,95,269,31
서울,은평구,61-64세,103,2,140,37,94,9
서울,은평구,65세이상,193,2,251,57,178,16
서울,은평구,불명,50,0,51,8,34,9
서울,서대문구,12세이하,2,0,2,1,0,1
서울,서대문구,13-20세,47,2,61,13,27,21
서울,서대문구,21-30세,106,0,161,34,100,27
서울,서대문구,31-40세,141,0,187,43,109,35
서울,서대문구,41-50세,185,1,254,63,166,25
서울,서대문구,51-60세,250,1,338,77,221,40
서울,서대문구,61-64세,106,0,152,36,103,13
서울,서대문구,65세이상,177,1,228,55,156,17
서울,서대문구,불명,19,0,20,4,8,8
서울,마포구,12세이하,4,0,4,0,4,0
서울,마포구,13-20세,41,0,54,14,36,4
서울,마포구,21-30세,260,4,392,78,270,44
서울,마포구,31-40세,257,1,379,80,272,27
서울,마포구,41-50세,272,0,426,73,328,25
서울,마포구,51-60세,371,4,505,101,382,22
서울,마포구,61-64세,166,1,233,39,180,14
서울,마포구,65세이상,246,1,366,69,275,22
서울,마포구,불명,54,0,70,5,56,9
서울,강서구,12세이하,5,0,5,2,2,1
서울,강서구,13-20세,38,1,77,19,40,18
서울,강서구,21-30세,191,1,288,66,198,24
서울,강서구,31-40세,268,1,410,91,283,36
서울,강서구,41-50세,274,2,385,88,273,24
서울,강서구,51-60세,362,3,520,120,368,32
서울,강서구,61-64세,151,1,209,39,157,13
서울,강서구,65세이상,181,2,280,61,201,18
서울,강서구,불명,32,0,34,3,24,7
서울,구로구,12세이하,3,0,3,1,2,0
서울,구로구,13-20세,55,0,84,21,53,10
서울,구로구,21-30세,177,0,254,47,191,16
서울,구로구,31-40세,238,2,333,71,248,14
서울,구로구,41-50세,276,1,376,79,270,27
서울,구로구,51-60세,400,4,581,107,435,39
서울,구로구,61-64세,156,4,212,38,162,12
서울,구로구,65세이상,209,2,267,84,164,19
서울,구로구,불명,18,0,19,4,11,4
서울,영등포구,12세이하,11,0,11,1,9,1
서울,영등포구,13-20세,96,0,130,20,90,20
서울,영등포구,21-30세,322,1,490,87,360,43
서울,영등포구,31-40세,383,1,565,111,409,45
서울,영등포구,41-50세,427,4,620,118,449,53
서울,영등포구,51-60세,583,9,823,127,631,65
서울,영등포구,61-64세,236,4,336,63,245,28
서울,영등포구,65세이상,354,3,470,90,349,31
서울,영등포구,불명,81,0,87,3,54,30
서울,동작구,12세이하,3,0,4,2,1,1
서울,동작구,13-20세,71,0,89,19,49,21
서울,동작구,21-30세,197,1,241,62,141,38
서울,동작구,31-40세,226,0,339,77,228,34
서울,동작구,41-50세,230,1,305,73,192,40
서울,동작구,51-60세,328,2,465,85,328,52
서울,동작구,61-64세,135,2,165,33,125,7
서울,동작구,65세이상,194,3,256,62,163,31
서울,동작구,불명,28,0,28,4,15,9
서울,관악구,12세이하,1,0,1,0,1,0
서울,관악구,13-20세,41,1,58,11,40,7
서울,관악구,21-30세,205,0,283,65,195,23
서울,관악구,31-40세,193,1,277,51,192,34
서울,관악구,41-50세,199,1,248,52,179,17
서울,관악구,51-60세,330,2,431,79,320,32
서울,관악구,61-64세,126,2,165,29,122,14
서울,관악구,65세이상,169,1,215,53,149,13
서울,관악구,불명,36,0,39,1,31,7
서울,강남구,12세이하,4,0,5,1,2,2
서울,강남구,13-20세,46,0,67,14,47,6
서울,강남구,21-30세,464,2,689,145,502,42
서울,강남구,31-40세,682,2,984,198,699,87
서울,강남구,41-50세,611,3,869,162,643,64
서울,강남구,51-60세,754,5,1050,191,792,67
서울,강남구,61-64세,320,3,481,78,364,39
서울,강남구,65세이상,504,5,742,125,545,72
서울,강남구,불명,74,0,80,11,54,15
서울,강동구,12세이하,7,0,7,0,1,6
서울,강동구,13-20세,39,0,54,15,28,11
서울,강동구,21-30세,146,1,201,53,131,17
서울,강동구,31-40세,206,2,275,71,174,30
서울,강동구,41-50세,282,1,394,95,262,37
서울,강동구,51-60세,326,4,435,98,296,41
서울,강동구,61-64세,133,1,214,47,148,19
서울,강동구,65세이상,227,3,290,69,191,30
서울,강동구,불명,52,0,52,2,29,21
서울,송파구,12세이하,15,0,17,0,9,8
서울,송파구,13-20세,91,0,117,18,71,28
서울,송파구,21-30세,337,3,465,78,305,82
서울,송파구,31-40세,454,1,661,144,443,74
서울,송파구,41-50세,527,3,758,147,537,74
서울,송파구,51-60세,712,8,955,198,664,93
서울,송파구,61-64세,262,4,345,66,243,36
서울,송파구,65세이상,384,8,531,115,361,55
서울,송파구,불명,78,0,83,12,48,23
서울,서초구,12세이하,1,0,1,0,0,1
서울,서초구,13-20세,35,0,50,14,31,5
서울,서초구,21-30세,287,2,414,75,298,41
서울,서초구,31-40세,427,1,618,116,452,50
서울,서초구,41-50세,473,3,728,156,503,69
서울,서초구,51-60세,594,5,878,167,639,72
서울,서초구,61-64세,235,4,349,64,264,21
서울,서초구,65세이상,363,3,526,90,403,33
서울,서초구,불명,63,0,76,11,35,30
서울,양천구,12세이하,1,0,1,0,0,1
서울,양천구,13-20세,51,0,60,18,29,13
서울,양천구,21-30세,141,2,193,37,134,22
서울,양천구,31-40세,208,1,296,64,216,16
서울,양천구,41-50세,272,2,401,81,291,29
서울,양천구,51-60세,361,2,499,97,378,24
서울,양천구,61-64세,144,2,175,29,134,12
서울,양천구,65세이상,204,2,265,46,194,25
서울,양천구,불명,46,0,49,4,32,13
서울,중랑구,12세이하,6,0,6,2,2,2
서울,중랑구,13-20세,57,0,78,21,43,14
서울,중랑구,21-30세,184,1,243,50,159,34
서울,중랑구,31-40세,235,1,328,89,211,28
서울,중랑구,41-50세,267,2,374,90,255,29
서울,중랑구,51-60세,376,2,507,141,328,38
서울,중랑구,61-64세,150,2,200,34,156,10
서울,중랑구,65세이상,254,2,357,67,260,30
서울,중랑구,불명,36,0,42,4,30,8
서울,노원구,12세이하,7,0,7,1,2,4
서울,노원구,13-20세,46,0,60,13,34,13
서울,노원구,21-30세,164,3,218,41,147,30
서울,노원구,31-40세,206,1,293,58,224,11
서울,노원구,41-50세,307,2,434,72,325,37
서울,노원구,51-60세,389,2,567,103,425,39
서울,노원구,61-64세,163,2,240,43,183,14
서울,노원구,65세이상,256,4,374,79,270,25
서울,노원구,불명,31,0,34,5,22,7
서울,광진구,12세이하,4,0,4,1,2,1
서울,광진구,13-20세,32,0,35,12,20,3
서울,광진구,21-30세,149,0,202,37,150,15
서울,광진구,31-40세,173,1,237,53,172,12
서울,광진구,41-50세,171,2,221,59,151,11
서울,광진구,51-60세,268,2,370,96,253,21
서울,광진구,61-64세,106,1,132,31,96,5
서울,광진구,65세이상,168,4,231,50,168,13
서울,광진구,불명,37,0,42,4,34,4
서울,강북구,12세이하,6,0,6,0,6,0
서울,강북구,13-20세,51,0,102,21,76,5
서울,강북구,21-30세,153,2,216,50,161,5
서울,강북구,31-40세,178,1,232,53,169,10
서울,강북구,41-50세,170,1,217,51,155,11
서울,강북구,51-60세,305,3,411,99,302,10
서울,강북구,61-64세,115,2,156,37,107,12
서울,강북구,65세이상,204,4,257,60,186,11
서울,강북구,불명,34,0,36,10,25,1
서울,금천구,12세이하,2,0,2,0,1,1
서울,금천구,13-20세,40,0,48,10,31,7
서울,금천구,21-30세,114,0,162,43,105,14
서울,금천구,31-40세,147,1,227,38,165,24
서울,금천구,41-50세,172,3,243,56,177,10
서울,금천구,51-60세,222,1,334,92,228,14
서울,금천구,61-64세,95,0,132,30,96,6
서울,금천구,65세이상,127,1,165,32,126,7
서울,금천구,불명,13,0,13,0,11,2
부산,중구,13-20세,8,0,11,4,5,2
부산,중구,21-30세,57,0,84,22,58,4
부산,중구,31-40세,56,1,70,19,44,7
부산,중구,41-50세,67,0,88,31,54,3
부산,중구,51-60세,93,0,119,30,83,6
부산,중구,61-64세,41,1,56,16,33,7
부산,중구,65세이상,63,1,87,25,54,8
부산,중구,불명,8,0,8,0,5,3
부산,서구,13-20세,16,1,17,6,10,1
부산,서구,21-30세,47,0,70,9,52,9
부산,서구,31-40세,64,0,82,19,60,3
부산,서구,41-50세,66,4,90,26,62,2
부산,서구,51-60세,112,0,164,30,122,12
부산,서구,61-64세,66,0,99,25,72,2
부산,서구,65세이상,70,1,93,23,64,6
부산,서구,불명,11,0,12,3,4,5
부산,동구,13-20세,17,0,20,5,9,6
부산,동구,21-30세,68,0,91,24,54,13
부산,동구,31-40세,80,0,115,32,75,8
부산,동구,41-50세,105,1,149,38,104,7
부산,동구,51-60세,130,1,172,52,115,5
부산,동구,61-64세,70,1,114,24,84,6
부산,동구,65세이상,101,0,134,37,87,10
부산,동구,불명,16,0,17,3,13,1
부산,영도구,13-20세,6,0,8,2,6,0
부산,영도구,21-30세,32,2,41,13,26,2
부산,영도구,31-40세,40,0,47,25,22,0
부산,영도구,41-50세,73,0,95,26,64,5
부산,영도구,51-60세,82,2,105,26,75,4
부산,영도구,61-64세,25,0,35,13,20,2
부산,영도구,65세이상,70,1,88,27,53,8
부산,영도구,불명,4,0,4,3,1,0
부산,부산진구,13-20세,75,2,99,17,57,25
부산,부산진구,21-30세,303,3,433,117,267,49
부산,부산진구,31-40세,226,2,312,89,199,24
부산,부산진구,41-50세,292,5,380,130,219,31
부산,부산진구,51-60세,344,2,446,127,282,37
부산,부산진구,61-64세,133,0,171,63,99,9
부산,부산진구,65세이상,228,4,312,111,181,20
부산,부산진구,불명,24,0,26,4,20,2
부산,동래구,12세이하,2,0,2,0,1,1
부산,동래구,13-20세,29,1,39,8,24,7
부산,동래구,21-30세,123,1,191,42,129,20
부산,동래구,31-40세,133,0,160,55,95,10
부산,동래구,41-50세,176,1,253,73,168,12
부산,동래구,51-60세,230,1,316,91,211,14
부산,동래구,61-64세,100,1,125,35,87,3
부산,동래구,65세이상,142,1,199,41,146,12
부산,동래구,불명,17,0,18,4,13,1
부산,남구,13-20세,27,2,34,10,21,3
부산,남구,21-30세,121,0,171,44,103,24
부산,남구,31-40세,107,2,129,35,87,7
부산,남구,41-50세,147,2,180,47,108,25
부산,남구,51-60세,189,2,253,71,157,25
부산,남구,61-64세,72,1,97,40,53,4
부산,남구,65세이상,123,0,163,48,102,13
부산,남구,불명,11,0,11,6,4,1
부산,북구,13-20세,29,0,41,7,29,5
부산,북구,21-30세,105,1,147,34,104,9
부산,북구,31-40세,83,1,127,38,83,6
부산,북구,41-50세,121,1,153,47,96,10
부산,북구,51-60세,185,3,249,75,158,16
부산,북구,61-64세,62,0,78,27,51,0
부산,북구,65세이상,94,0,130,34,87,9
부산,북구,불명,9,0,9,1,6,2
부산,해운대구,12세이하,2,0,3,1,2,0
부산,해운대구,13-20세,32,2,50,14,29,7
부산,해운대구,21-30세,150,2,229,65,152,12
부산,해운대구,31-40세,157,0,239,55,164,20
부산,해운대구,41-50세,184,1,270,64,173,33
부산,해운대구,51-60세,242,4,325,75,223,27
부산,해운대구,61-64세,84,1,115,34,78,3
부산,해운대구,65세이상,132,2,180,55,107,18
부산,해운대구,불명,35,0,41,8,23,10
부산,사하구,12세이하,1,0,1,0,1,0
부산,사하구,13-20세,48,0,67,16,33,18
부산,사하구,21-30세,152,0,218,56,142,20
부산,사하구,31-40세,165,1,218,57,146,15
부산,사하구,41-50세,158,1,216,61,143,12
부산,사하구,51-60세,258,1,347,117,201,29
부산,사하구,61-64세,91,0,129,32,88,9
부산,사하구,65세이상,121,0,173,50,113,10
부산,사하구,불명,9,0,9,1,4,4
부산,금정구,13-20세,28,0,39,7,23,9
부산,금정구,21-30세,92,1,121,32,75,14
부산,금정구,31-40세,128,1,163,56,98,9
부산,금정구,41-50세,136,2,181,64,106,11
부산,금정구,51-60세,202,2,287,88,172,27
부산,금정구,61-64세,70,0,95,29,56,10
부산,금정구,65세이상,116,1,159,46,101,12
부산,금정구,불명,20,0,20,5,8,7
부산,강서구,13-20세,6,0,7,1,4,2
부산,강서구,21-30세,67,3,91,25,63,3
부산,강서구,31-40세,111,1,155,46,104,5
부산,강서구,41-50세,119,3,196,64,131,1
부산,강서구,51-60세,143,4,214,70,143,1
부산,강서구,61-64세,64,3,116,25,76,15
부산,강서구,65세이상,71,1,95,19,68,8
부산,강서구,불명,3,0,3,1,2,0
부산,연제구,13-20세,19,0,22,6,13,3
부산,연제구,21-30세,91,1,132,31,94,7
부산,연제구,31-40세,102,0,125,44,76,5
부산,연제구,41-50세,122,1,160,39,115,6
부산,연제구,51-60세,153,0,207,58,141,8
부산,연제구,61-64세,62,0,80,26,52,2
부산,연제구,65세이상,95,3,123,39,77,7
부산,연제구,불명,13,0,14,1,11,2
부산,수영구,12세이하,1,0,1,0,1,0
부산,수영구,13-20세,32,0,51,13,29,9
부산,수영구,21-30세,111,0,158,39,95,24
부산,수영구,31-40세,110,0,153,33,107,13
부산,수영구,41-50세,130,1,181,59,108,14
부산,수영구,51-60세,161,0,223,55,151,17
부산,수영구,61-64세,56,1,82,20,50,12
부산,수영구,65세이상,97,0,143,32,101,10
부산,수영구,불명,12,0,12,4,5,3
부산,사상구,13-20세,28,0,40,11,20,9
부산,사상구,21-30세,137,4,210,53,125,32
부산,사상구,31-40세,107,2,153,43,96,14
부산,사상구,41-50세,161,1,233,55,148,30
부산,사상구,51-60세,272,6,385,103,234,48
부산,사상구,61-64세,80,0,125,29,71,25
부산,사상구,65세이상,117,2,161,40,98,23
부산,사상구,불명,12,0,13,1,10,2
부산,기장군,13-20세,7,0,14,3,9,2
부산,기장군,21-30세,38,1,67,13,51,3
부산,기장군,31-40세,87,1,137,37,97,3
부산,기장군,41-50세,93,1,128,36,87,5
부산,기장군,51-60세,106,3,171,30,129,12
부산,기장군,61-64세,37,0,54,17,36,1
부산,기장군,65세이상,56,2,89,29,55,5
부산,기장군,불명,9,0,10,1,6,3
경기,수원시,12세이하,15,0,17,3,9,5
경기,수원시,13-20세,163,2,210,46,136,28
경기,수원시,21-30세,795,5,1133,224,820,89
경기,수원시,31-40세,893,9,1315,285,925,105
경기,수원시,41-50세,1086,7,1576,323,1145,108
경기,수원시,51-60세,1193,8,1737,354,1231,152
경기,수원시,61-64세,310,1,461,77,350,34
경기,수원시,65세이상,421,7,556,102,410,44
경기,수원시,불명,121,0,143,19,98,26
경기,성남시,12세이하,11,0,12,4,8,0
경기,성남시,13-20세,108,1,157,37,104,16
경기,성남시,21-30세,484,10,735,169,498,68
경기,성남시,31-40세,668,3,983,207,681,95
경기,성남시,41-50세,807,7,1135,273,782,80
경기,성남시,51-60세,964,12,1458,339,1014,105
경기,성남시,61-64세,281,3,412,90,281,41
경기,성남시,65세이상,402,1,618,158,423,37
경기,성남시,불명,109,0,125,14,90,21
경기,의정부시,12세이하,2,0,2,0,2,0
경기,의정부시,13-20세,54,0,63,16,33,14
경기,의정부시,21-30세,221,3,344,73,233,38
경기,의정부시,31-40세,256,2,363,73,259,31
경기,의정부시,41-50세,356,4,489,94,309,86
경기,의정부시,51-60세,438,5,625,133,389,103
경기,의정부시,61-64세,114,2,148,35,96,17
경기,의정부시,65세이상,196,3,316,53,233,30
경기,의정부시,불명,45,0,51,8,28,15
경기,안양시,12세이하,3,0,3,2,1,0
경기,안양시,13-20세,51,0,70,15,49,6
경기,안양시,21-30세,181,0,265,47,198,20
경기,안양시,31-40세,230,1,348,74,260,14
경기,안양시,41-50세,340,2,490,96,368,26
경기,안양시,51-60세,470,6,689,158,508,23
경기,안양시,61-64세,126,2,175,32,137,6
경기,안양시,65세이상,180,3,275,67,196,12
경기,안양시,불명,37,0,41,5,31,5
경기,부천시,12세이하,11,0,13,0,8,5
경기,부천시,13-20세,127,0,186,34,134,18
경기,부천시,21-30세,471,2,690,124,519,47
경기,부천시,31-40세,518,2,731,145,544,42
경기,부천시,41-50세,616,1,898,182,639,77
경기,부천시,51-60세,850,8,1179,215,882,82
경기,부천시,61-64세,279,2,393,77,293,23
경기,부천시,65세이상,307,7,392,66,298,28
경기,부천시,불명,57,0,68,10,40,18
경기,안산시,12세이하,7,0,8,0,6,2
경기,안산시,13-20세,187,3,270,41,198,31
경기,안산시,21-30세,568,7,907,173,690,44
경기,안산시,31-40세,689,7,1088,212,797,79
경기,안산시,41-50세,812,5,1187,229,911,47
경기,안산시,51-60세,1002,12,1499,324,1114,61
경기,안산시,61-64세,233,5,358,67,273,18
경기,안산시,65세이상,290,3,481,92,362,27
경기,안산시,불명,90,0,111,14,76,21
경기,평택시,12세이하,2,0,2,0,0,2
경기,평택시,13-20세,89,0,133,21,91,21
경기,평택시,21-30세,565,5,948,170,660,118
경기,평택시,31-40세,612,12,1023,186,734,103
경기,평택시,41-50세,739,14,1219,216,858,145
경기,평택시,51-60세,807,14,1257,220,920,117
경기,평택시,61-64세,187,3,299,60,209,30
경기,평택시,65세이상,326,3,515,106,352,57
경기,평택시,불명,61,0,69,12,43,14
경기,광명시,12세이하,6,0,6,1,0,5
경기,광명시,13-20세,33,0,43,11,19,13
경기,광명시,21-30세,136,1,187,44,120,23
경기,광명시,31-40세,153,0,217,37,151,29
경기,광명시,41-50세,215,1,302,62,183,57
경기,광명시,51-60세,284,3,406,77,256,73
경기,광명시,61-64세,94,5,143,24,84,35
경기,광명시,65세이상,124,2,176,42,98,36
경기,광명시,불명,31,0,40,3,15,22
경기,구리시,12세이하,1,0,1,0,1,0
경기,구리시,13-20세,15,0,23,7,12,4
경기,구리시,21-30세,75,0,93,21,68,4
경기,구리시,31-40세,108,0,171,33,130,8
경기,구리시,41-50세,146,6,204,44,146,14
경기,구리시,51-60세,177,3,268,44,209,15
경기,구리시,61-64세,60,1,94,20,73,1
경기,구리시,65세이상,72,1,96,31,63,2
경기,구리시,불명,14,0,16,2,12,2
경기,양주시,12세이하,3,0,3,0,2,1
경기,양주시,13-20세,19,0,27,6,17,4
경기,양주시,21-30세,120,2,174,35,124,15
경기,양주시,31-40세,152,1,230,40,175,15
경기,양주시,41-50세,254,6,394,71,304,19
경기,양주시,51-60세,293,3,430,90,326,14
경기,양주시,61-64세,103,3,163,35,122,6
경기,양주시,65세이상,134,4,192,37,144,11
경기,양주시,불명,16,0,16,3,8,5
경기,여주시,12세이하,1,0,1,0,1,0
경기,여주시,13-20세,8,0,12,4,6,2
경기,여주시,21-30세,76,2,125,28,89,8
경기,여주시,31-40세,67,1,101,25,75,1
경기,여주시,41-50세,84,2,131,28,95,8
경기,여주시,51-60세,138,3,243,59,170,14
경기,여주시,61-64세,42,1,70,16,49,5
경기,여주시,65세이상,92,5,125,32,89,4
경기,여주시,불명,5,0,6,3,3,0
경기,화성시,12세이하,6,0,6,2,3,1
경기,화성시,13-20세,54,3,70,17,45,8
경기,화성시,21-30세,408,7,692,146,511,35
경기,화성시,31-40세,540,11,830,204,565,61
경기,화성시,41-50세,629,8,952,214,696,42
경기,화성시,51-60세,605,18,979,217,701,61
경기,화성시,61-64세,172,3,268,44,196,28
경기,화성시,65세이상,245,9,394,87,288,19
경기,화성시,불명,57,0,66,9,48,9
경기,시흥시,12세이하,2,0,2,1,1,0
경기,시흥시,13-20세,60,2,88,16,67,5
경기,시흥시,21-30세,347,1,518,97,394,27
경기,시흥시,31-40세,455,5,709,133,527,49
경기,시흥시,41-50세,512,6,746,162,536,48
경기,시흥시,51-60세,664,13,993,179,772,42
경기,시흥시,61-64세,149,0,235,43,177,15
경기,시흥시,65세이상,195,2,302,59,222,21
경기,시흥시,불명,50,0,59,14,35,10
경기,파주시,12세이하,3,0,3,1,2,0
경기,파주시,13-20세,46,4,60,8,38,14
경기,파주시,21-30세,218,4,371,81,258,32
경기,파주시,31-40세,288,5,431,100,316,15
경기,파주시,41-50세,357,3,554,121,409,24
경기,파주시,51-60세,404,5,592,143,408,41
경기,파주시,61-64세,130,1,216,47,141,28
경기,파주시,65세이상,216,0,326,80,234,12
경기,파주시,불명,31,0,32,3,23,6
경기,고양시,12세이하,7,0,8,3,2,3
경기,고양시,13-20세,155,3,199,32,107,60
경기,고양시,21-30세,496,6,741,152,520,69
경기,고양시,31-40세,591,9,937,200,664,73
경기,고양시,41-50세,825,3,1269,240,942,87
경기,고양시,51-60세,1066,12,1564,334,1135,95
경기,고양시,61-64세,306,0,444,97,313,34
경기,고양시,65세이상,431,5,650,130,469,51
경기,고양시,불명,73,0,77,15,40,22
경기,광주시,12세이하,1,0,1,1,0,0
경기,광주시,13-20세,25,0,36,3,26,7
경기,광주시,21-30세,197,1,304,48,228,28
경기,광주시,31-40세,313,3,472,76,369,27
경기,광주시,41-50세,346,4,557,96,400,61
경기,광주시,51-60세,456,4,724,160,513,51
경기,광주시,61-64세,133,1,194,38,149,7
경기,광주시,65세이상,200,6,310,57,244,9
경기,광주시,불명,20,0,24,7,15,2
경기,연천군,13-20세,4,0,8,3,5,0
경기,연천군,21-30세,26,0,64,12,37,15
경기,연천군,31-40세,24,0,32,4,24,4
경기,연천군,41-50세,24,0,52,14,32,6
경기,연천군,51-60세,38,2,56,9,45,2
경기,연천군,61-64세,17,2,19,6,13,0
경기,연천군,65세이상,52,2,78,27,48,3
경기,연천군,불명,4,0,4,0,2,2
경기,포천시,12세이하,2,0,2,0,1,1
경기,포천시,13-20세,20,0,34,6,23,5
경기,포천시,21-30세,93,1,178,32,116,30
경기,포천시,31-40세,96,4,150,28,104,18
경기,포천시,41-50세,163,1,283,58,174,51
경기,포천시,51-60세,244,8,389,92,242,55
경기,포천시,61-64세,79,0,139,29,81,29
경기,포천시,65세이상,128,2,231,53,139,39
경기,포천시,불명,7,0,7,1,4,2
경기,가평군,12세이하,1,0,1,0,0,1
경기,가평군,13-20세,15,0,36,1,26,9
경기,가평군,21-30세,61,0,103,31,64,8
경기,가평군,31-40세,52,0,95,15,64,16
경기,가평군,41-50세,63,1,116,21,80,15
경기,가평군,51-60세,92,6,175,33,127,15
경기,가평군,61-64세,30,0,55,7,47,1
경기,가평군,65세이상,61,4,96,18,72,6
경기,가평군,불명,5,0,5,2,1,2
경기,양평군,13-20세,16,0,26,5,20,1
경기,양평군,21-30세,56,2,86,25,55,6
경기,양평군,31-40세,58,1,97,25,61,11
경기,양평군,41-50세,92,2,171,33,118,20
경기,양평군,51-60세,131,2,194,49,132,13
경기,양평군,61-64세,67,3,94,32,58,4
경기,양평군,65세이상,106,5,152,55,84,13
경기,양평군,불명,6,0,6,1,4,1
경기,이천시,12세이하,1,0,1,0,1,0
경기,이천시,13-20세,50,0,78,16,49,13
경기,이천시,21-30세,153,3,245,54,169,22
경기,이천시,31-40세,141,2,231,52,160,19
경기,이천시,41-50세,203,5,307,63,228,16
경기,이천시,51-60세,246,3,413,92,298,23
경기,이천시,61-64세,71,2,128,24,92,12
경기,이천시,65세이상,141,4,213,51,152,10
경기,이천시,불명,10,0,10,3,4,3
경기,용인시,12세이하,9,0,9,0,8,1
경기,용인시,13-20세,77,1,108,23,57,28
경기,용인시,21-30세,413,4,702,165,445,92
경기,용인시,31-40세,539,5,895,199,582,114
경기,용인시,41-50세,741,5,1140,264,725,151
경기,용인시,51-60세,765,13,1253,281,811,161
경기,용인시,61-64세,246,3,408,87,271,50
경기,용인시,65세이상,341,6,502,106,323,73
경기,용인시,불명,74,0,99,18,60,21
경기,안성시,12세이하,2,0,2,0,0,2
경기,안성시,13-20세,30,4,40,11,27,2
경기,안성시,21-30세,151,0,272,59,198,15
경기,안성시,31-40세,177,3,329,71,238,20
경기,안성시,41-50세,211,4,364,86,247,31
경기,안성시,51-60세,240,5,388,88,268,32
경기,안성시,61-64세,63,1,118,29,85,4
경기,안성시,65세이상,141,2,208,45,146,17
경기,안성시,불명,11,0,19,7,9,3
경기,김포시,12세이하,3,0,3,1,2,0
경기,김포시,13-20세,55,1,85,21,61,3
경기,김포시,21-30세,174,4,289,63,208,18
경기,김포시,31-40세,290,6,453,88,336,29
경기,김포시,41-50세,350,2,562,116,383,63
경기,김포시,51-60세,430,5,672,139,482,51
경기,김포시,61-64세,142,2,224,50,153,21
경기,김포시,65세이상,210,4,338,82,226,30
경기,김포시,불명,28,0,38,9,27,2
경기,동두천시,12세이하,1,0,1,0,0,1
경기,동두천시,13-20세,8,0,12,3,8,1
경기,동두천시,21-30세,50,1,77,30,45,2
경기,동두천시,31-40세,57,4,74,24,44,6
경기,동두천시,41-50세,75,2,112,30,78,4
경기,동두천시,51-60세,110,1,157,44,108,5
경기,동두천시,61-64세,40,0,59,14,42,3
경기,동두천시,65세이상,62,3,81,21,55,5
경기,동두천시,불명,3,0,3,0,2,1
경기,과천시,12세이하,1,0,1,0,0,1
경기,과천시,13-20세,6,0,13,1,7,5
경기,과천시,21-30세,21,0,42,4,32,6
경기,과천시,31-40세,32,0,52,12,33,7
경기,과천시,41-50세,39,1,59,21,30,8
경기,과천시,51-60세,85,0,134,29,83,22
경기,과천시,61-64세,19,0,27,10,16,1
경기,과천시,65세이상,31,0,52,7,38,7
경기,과천시,불명,5,0,5,0,4,1
경기,군포시,12세이하,3,0,3,2,1,0
경기,군포시,13-20세,19,0,27,6,16,5
경기,군포시,21-30세,98,1,139,29,94,16
경기,군포시,31-40세,112,2,169,40,108,21
경기,군포시,41-50세,114,0,177,52,106,19
경기,군포시,51-60세,183,4,260,66,161,33
경기,군포시,61-64세,51,0,77,15,50,12
경기,군포시,65세이상,68,0,91,27,49,15
경기,군포시,불명,11,0,11,1,6,4
경기,남양주시,12세이하,7,0,10,0,6,4
경기,남양주시,13-20세,74,1,104,22,69,13
경기,남양주시,21-30세,283,1,490,83,351,56
경기,남양주시,31-40세,390,5,644,127,471,46
경기,남양주시,41-50세,540,10,851,153,605,93
경기,남양주시,51-60세,634,9,1030,170,787,73
경기,남양주시,61-64세,160,2,259,55,174,30
경기,남양주시,65세이상,294,13,463,92,339,32
경기,남양주시,불명,49,0,52,5,41,6
경기,오산시,12세이하,4,0,4,1,2,1
경기,오산시,13-20세,40,0,48,15,24,9
경기,오산시,21-30세,178,1,264,68,172,24
경기,오산시,31-40세,178,2,263,64,167,32
경기,오산시,41-50세,192,2,294,84,188,22
경기,오산시,51-60세,212,4,307,76,214,17
경기,오산시,61-64세,55,0,92,17,65,10
경기,오산시,65세이상,85,1,118,27,82,9
경기,오산시,불명,18,0,19,3,9,7
경기,의왕시,13-20세,7,0,9,0,8,1
경기,의왕시,21-30세,64,0,106,29,68,9
경기,의왕시,31-40세,76,1,122,29,88,5
경기,의왕시,41-50세,99,2,165,35,120,10
경기,의왕시,51-60세,106,1,190,43,130,17
경기,의왕시,61-64세,36,0,53,11,40,2
경기,의왕시,65세이상,48,1,70,20,44,6
경기,의왕시,불명,8,0,11,3,6,2
경기,하남시,12세이하,4,0,5,0,2,3
경기,하남시,13-20세,32,0,43,9,19,15
경기,하남시,21-30세,92,0,141,26,92,23
경기,하남시,31-40세,155,2,235,57,158,20
경기,하남시,41-50세,198,3,291,63,204,24
경기,하남시,51-60세,258,0,383,65,278,40
경기,하남시,61-64세,83,0,121,23,88,10
경기,하남시,65세이상,131,4,198,40,141,17
경기,하남시,불명,24,0,26,3,15,8
강원,춘천시,12세이하,2,0,2,1,1,0
강원,춘천시,13-20세,46,2,56,20,31,5
강원,춘천시,21-30세,204,1,342,52,273,17
강원,춘천시,31-40세,241,4,402,59,317,26
강원,춘천시,41-50세,302,2,479,76,378,25
강원,춘천시,51-60세,373,2,579,100,451,28
강원,춘천시,61-64세,136,1,186,26,155,5
강원,춘천시,65세이상,211,6,326,51,261,14
강원,춘천시,불명,43,0,48,5,43,0
강원,원주시,13-20세,49,1,66,26,35,5
강원,원주시,21-30세,258,3,416,76,323,17
강원,원주시,31-40세,287,1,430,92,316,22
강원,원주시,41-50세,390,3,612,137,448,27
강원,원주시,51-60세,465,9,762,158,569,35
강원,원주시,61-64세,172,2,280,51,213,16
강원,원주시,65세이상,244,1,435,79,333,23
강원,원주시,불명,40,0,41,1,22,18
강원,동해시,13-20세,6,0,7,2,5,0
강원,동해시,21-30세,31,0,56,17,37,2
강원,동해시,31-40세,47,1,63,11,52,0
강원,동해시,41-50세,74,2,109,20,89,0
강원,동해시,51-60세,94,1,145,21,122,2
강원,동해시,61-64세,36,0,50,10,40,0
강원,동해시,65세이상,66,1,89,15,74,0
강원,동해시,불명,2,0,2,0,0,2
강원,강릉시,13-20세,13,0,22,13,9,0
강원,강릉시,21-30세,112,2,182,33,147,2
강원,강릉시,31-40세,153,2,251,54,190,7
강원,강릉시,41-50세,184,3,293,55,237,1
강원,강릉시,51-60세,202,5,304,66,233,5
강원,강릉시,61-64세,74,2,97,15,80,2
강원,강릉시,65세이상,167,8,248,54,192,2
강원,강릉시,불명,13,0,13,1,10,2
강원,속초시,13-20세,9,0,23,5,17,1
강원,속초시,21-30세,61,1,94,30,64,0
강원,속초시,31-40세,59,1,91,21,69,1
강원,속초시,41-50세,94,0,124,38,83,3
강원,속초시,51-60세,120,1,188,66,119,3
강원,속초시,61-64세,26,2,35,6,28,1
강원,속초시,65세이상,60,1,101,27,74,0
강원,속초시,불명,4,0,4,0,3,1
강원,태백시,13-20세,1,0,2,0,2,0
강원,태백시,21-30세,15,3,26,7,18,1
강원,태백시,31-40세,23,0,42,7,29,6
강원,태백시,41-50세,40,0,56,10,42,4
강원,태백시,51-60세,52,2,84,17,64,3
강원,태백시,61-64세,35,1,56,7,46,3
강원,태백시,65세이상,40,4,56,15,38,3
강원,삼척시,12세이하,1,0,1,0,1,0
강원,삼척시,13-20세,7,0,12,3,9,0
강원,삼척시,21-30세,42,0,65,19,44,2
강원,삼척시,31-40세,29,2,45,6,39,0
강원,삼척시,41-50세,68,0,108,26,79,3
강원,삼척시,51-60세,94,1,155,40,114,1
강원,삼척시,61-64세,34,0,62,17,45,0
강원,삼척시,65세이상,87,3,129,41,84,4
강원,삼척시,불명,3,0,3,0,2,1
강원,홍천군,13-20세,8,0,14,5,8,1
강원,홍천군,21-30세,42,0,69,12,51,6
강원,홍천군,31-40세,46,1,67,23,40,4
강원,홍천군,41-50세,58,4,87,28,57,2
강원,홍천군,51-60세,75,2,139,25,110,4
강원,홍천군,61-64세,34,2,62,15,47,0
강원,홍천군,65세이상,68,4,99,37,55,7
강원,횡성군,13-20세,5,0,10,1,8,1
강원,횡성군,21-30세,20,1,32,8,22,2
강원,횡성군,31-40세,21,0,41,7,34,0
강원,횡성군,41-50세,27,0,41,11,29,1
강원,횡성군,51-60세,61,7,95,28,66,1
강원,횡성군,61-64세,22,1,33,14,16,3
강원,횡성군,65세이상,31,5,41,18,23,0
강원,영월군,13-20세,3,0,3,0,0,3
강원,영월군,21-30세,15,0,23,7,5,11
강원,영월군,31-40세,12,0,22,6,10,6
강원,영월군,41-50세,35,0,61,15,18,28
강원,영월군,51-60세,57,7,83,19,27,37
강원,영월군,61-64세,18,0,29,10,8,11
강원,영월군,65세이상,45,4,81,17,32,32
강원,영월군,불명,2,0,2,0,1,1
강원,평창군,13-20세,3,0,5,1,4,0
강원,평창군,21-30세,27,3,63,15,46,2
강원,평창군,31-40세,26,1,51,12,34,5
강원,평창군,41-50세,46,2,102,17,73,12
강원,평창군,51-60세,61,6,119,35,77,7
강원,평창군,61-64세,18,1,41,8,25,8
강원,평창군,65세이상,36,2,64,20,35,9
강원,평창군,불명,1,0,1,0,1,0
강원,정선군,21-30세,15,1,21,10,10,1
강원,정선군,31-40세,16,2,38,17,21,0
강원,정선군,41-50세,29,1,41,16,25,0
강원,정선군,51-60세,33,0,55,12,43,0
강원,정선군,61-64세,12,1,27,8,15,4
강원,정선군,65세이상,20,3,33,14,19,0
강원,철원군,12세이하,1,0,1,1,0,0
강원,철원군,13-20세,2,0,2,2,0,0
강원,철원군,21-30세,16,1,24,13,11,0
강원,철원군,31-40세,22,0,36,13,23,0
강원,철원군,41-50세,32,2,48,14,32,2
강원,철원군,51-60세,34,1,64,30,34,0
강원,철원군,61-64세,8,0,20,5,15,0
강원,철원군,65세이상,30,1,45,19,26,0
강원,화천군,21-30세,11,0,21,6,15,0
강원,화천군,31-40세,12,2,20,5,15,0
강원,화천군,41-50세,16,0,29,14,13,2
강원,화천군,51-60세,28,5,41,17,23,1
강원,화천군,61-64세,6,1,12,4,8,0
강원,화천군,65세이상,13,1,15,5,10,0
강원,화천군,불명,2,0,3,0,3,0
강원,양구군,21-30세,16,1,27,5,20,2
강원,양구군,31-40세,10,0,21,5,15,1
강원,양구군,41-50세,11,0,19,3,13,3
강원,양구군,51-60세,24,0,31,7,23,1
강원,양구군,61-64세,11,1,22,1,20,1
강원,양구군,65세이상,12,3,15,1,12,2
강원,양구군,불명,1,0,2,0,2,0
강원,인제군,13-20세,5,0,12,0,12,0
강원,인제군,21-30세,18,1,32,17,15,0
강원,인제군,31-40세,20,4,21,7,14,0
강원,인제군,41-50세,13,1,19,8,11,0
강원,인제군,51-60세,23,2,55,25,29,1
강원,인제군,61-64세,7,1,13,5,8,0
강원,인제군,65세이상,12,1,20,12,8,0
강원,인제군,불명,3,0,6,1,4,1
강원,고성군,13-20세,2,0,4,0,4,0
강원,고성군,21-30세,12,0,22,3,16,3
강원,고성군,31-40세,16,1,20,1,18,1
강원,고성군,41-50세,18,3,26,5,21,0
강원,고성군,51-60세,38,2,53,16,35,2
강원,고성군,61-64세,19,1,23,4,18,1
강원,고성군,65세이상,28,5,47,15,31,1
강원,고성군,불명,2,0,2,0,0,2
강원,양양군,13-20세,3,0,4,0,4,0
강원,양양군,21-30세,18,0,24,10,14,0
강원,양양군,31-40세,25,1,47,17,30,0
강원,양양군,41-50세,28,1,58,14,43,1
강원,양양군,51-60세,38,1,78,11,61,6
강원,양양군,61-64세,11,2,20,5,15,0
강원,양양군,65세이상,31,3,47,17,29,1
강원,양양군,불명,1,0,1,0,1,0
충북,청주시,12세이하,13,0,15,6,6,3
충북,청주시,13-20세,133,2,205,55,124,26
충북,청주시,21-30세,800,7,1308,245,1028,35
충북,청주시,31-40세,860,12,1427,278,1107,42
충북,청주시,41-50세,1022,22,1530,314,1179,37
충북,청주시,51-60세,1170,21,1935,387,1504,44
충북,청주시,61-64세,388,5,631,102,508,21
충북,청주시,65세이상,625,17,1031,230,774,27
충북,청주시,불명,65,0,79,6,68,5
충북,충주시,13-20세,45,0,69,16,38,15
충북,충주시,21-30세,170,1,269,59,189,21
충북,충주시,31-40세,173,4,289,77,196,16
충북,충주시,41-50세,278,2,482,98,360,24
충북,충주시,51-60세,366,9,623,167,431,25
충북,충주시,61-64세,118,0,192,49,133,10
충북,충주시,65세이상,182,10,284,67,193,24
충북,충주시,불명,17,1,21,2,13,6
충북,제천시,13-20세,34,0,63,5,54,4
충북,제천시,21-30세,104,4,172,37,129,6
충북,제천시,31-40세,110,0,184,32,140,12
충북,제천시,41-50세,154,5,260,49,200,11
충북,제천시,51-60세,237,4,421,91,312,18
충북,제천시,61-64세,98,2,166,34,123,9
충북,제천시,65세이상,166,6,296,67,202,27
충북,제천시,불명,9,0,13,4,8,1
충북,보은군,13-20세,4,0,5,1,2,2
충북,보은군,21-30세,9,0,11,8,3,0
충북,보은군,31-40세,15,0,21,6,13,2
충북,보은군,41-50세,19,1,32,8,23,1
충북,보은군,51-60세,38,4,55,29,26,0
충북,보은군,61-64세,16,1,25,10,14,1
충북,보은군,65세이상,47,0,68,34,34,0
충북,보은군,불명,1,0,7,0,6,1
충북,옥천군,21-30세,19,1,27,12,15,0
충북,옥천군,31-40세,27,1,44,9,35,0
충북,옥천군,41-50세,47,2,87,31,55,1
충북,옥천군,51-60세,56,4,72,30,42,0
충북,옥천군,61-64세,19,1,26,9,16,1
충북,옥천군,65세이상,56,2,80,28,50,2
충북,옥천군,불명,4,0,4,2,2,0
충북,영동군,13-20세,4,0,6,2,4,0
충북,영동군,21-30세,13,0,23,15,8,0
충북,영동군,31-40세,14,1,15,10,5,0
충북,영동군,41-50세,25,2,31,15,14,2
충북,영동군,51-60세,49,3,67,26,38,3
충북,영동군,61-64세,15,1,29,16,11,2
충북,영동군,65세이상,44,3,49,32,17,0
충북,영동군,불명,1,0,1,1,0,0
충북,진천군,12세이하,2,0,2,1,1,0
충북,진천군,13-20세,11,0,11,2,8,1
충북,진천군,21-30세,79,4,121,27,89,5
충북,진천군,31-40세,110,5,193,47,134,12
충북,진천군,41-50세,86,2,143,33,104,6
충북,진천군,51-60세,144,4,235,57,173,5
충북,진천군,61-64세,44,3,77,18,59,0
충북,진천군,65세이상,68,2,93,33,59,1
충북,진천군,불명,7,0,7,0,7,0
충북,괴산군,13-20세,2,0,4,0,4,0
충북,괴산군,21-30세,26,2,59,10,47,2
충북,괴산군,31-40세,28,0,61,23,36,2
충북,괴산군,41-50세,32,2,47,13,31,3
충북,괴산군,51-60세,59,4,114,44,68,2
충북,괴산군,61-64세,31,0,48,17,29,2
충북,괴산군,65세이상,61,6,93,38,50,5
충북,음성군,12세이하,1,0,1,0,1,0
충북,음성군,13-20세,14,1,20,4,15,1
충북,음성군,21-30세,84,3,155,39,114,2
충북,음성군,31-40세,99,5,187,54,127,6
충북,음성군,41-50세,118,1,225,57,163,5
충북,음성군,51-60세,171,5,278,94,181,3
충북,음성군,61-64세,46,4,80,24,56,0
충북,음성군,65세이상,113,1,193,61,128,4
충북,음성군,불명,6,0,9,2,7,0
충북,단양군,13-20세,1,0,1,1,0,0
충북,단양군,21-30세,12,0,19,6,13,0
충북,단양군,31-40세,15,2,24,4,18,2
충북,단양군,41-50세,33,0,61,23,37,1
충북,단양군,51-60세,39,5,62,19,41,2
충북,단양군,61-64세,9,0,21,2,19,0
충북,단양군,65세이상,26,1,35,13,21,1
충북,증평군,12세이하,2,0,2,1,1,0
충북,증평군,13-20세,5,0,6,0,4,2
충북,증평군,21-30세,18,0,28,8,20,0
충북,증평군,31-40세,25,1,44,17,26,1
충북,증평군,41-50세,31,0,52,20,32,0
충북,증평군,51-60세,33,0,49,17,30,2
충북,증평군,61-64세,11,0,18,4,14,0
충북,증평군,65세이상,36,0,57,22,33,2
충북,증평군,불명,1,0,2,0,2,0
충남,천안시,12세이하,4,0,5,0,3,2
충남,천안시,13-20세,92,2,116,27,77,12
충남,천안시,21-30세,562,5,854,160,665,29
충남,천안시,31-40세,547,17,808,149,628,31
충남,천안시,41-50세,630,10,927,188,709,30
충남,천안시,51-60세,613,9,973,221,715,37
충남,천안시,61-64세,180,1,275,64,204,7
충남,천안시,65세이상,245,10,343,85,240,18
충남,천안시,불명,41,0,45,6,37,2
충남,아산시,12세이하,1,0,1,0,1,0
충남,아산시,13-20세,22,3,37,22,14,1
충남,아산시,21-30세,115,5,178,52,118,8
충남,아산시,31-40세,173,5,233,69,157,7
충남,아산시,41-50세,134,6,176,58,113,5
충남,아산시,51-60세,156,4,210,58,147,5
충남,아산시,61-64세,40,7,57,14,39,4
충남,아산시,65세이상,81,8,106,47,52,7
충남,아산시,불명,40,0,48,7,33,8
충남,보령시,13-20세,8,0,10,7,3,0
충남,보령시,21-30세,41,2,54,21,33,0
충남,보령시,31-40세,45,3,74,31,43,0
충남,보령시,41-50세,58,7,82,33,49,0
충남,보령시,51-60세,101,4,138,67,70,1
충남,보령시,61-64세,32,1,44,25,18,1
충남,보령시,65세이상,57,1,86,43,42,1
충남,보령시,불명,5,0,6,2,4,0
충남,공주시,13-20세,15,0,19,3,11,5
충남,공주시,21-30세,77,1,166,37,115,14
충남,공주시,31-40세,88,0,151,35,109,7
충남,공주시,41-50세,113,0,203,63,132,8
충남,공주시,51-60세,164,11,289,88,187,14
충남,공주시,61-64세,52,5,76,24,48,4
충남,공주시,65세이상,115,7,182,61,106,15
충남,공주시,불명,6,0,6,0,3,3
충남,서산시,13-20세,19,0,22,7,13,2
충남,서산시,21-30세,91,3,153,49,100,4
충남,서산시,31-40세,131,6,208,81,117,10
충남,서산시,41-50세,153,1,262,104,143,15
충남,서산시,51-60세,189,9,291,119,152,20
충남,서산시,61-64세,63,2,95,39,49,7
충남,서산시,65세이상,144,9,211,87,112,12
충남,서산시,불명,7,0,7,1,4,2
충남,금산군,12세이하,1,0,1,0,1,0
충남,금산군,13-20세,5,0,8,1,7,0
충남,금산군,21-30세,8,1,11,1,10,0
충남,금산군,31-40세,15,0,26,10,16,0
충남,금산군,41-50세,39,2,53,20,33,0
충남,금산군,51-60세,34,1,58,25,33,0
충남,금산군,61-64세,19,2,31,5,26,0
충남,금산군,65세이상,43,5,64,14,50,0
충남,태안군,13-20세,4,0,4,2,2,0
충남,태안군,21-30세,36,0,58,19,34,5
충남,태안군,31-40세,34,1,52,25,24,3
충남,태안군,41-50세,55,0,70,25,40,5
충남,태안군,51-60세,79,4,124,51,60,13
충남,태안군,61-64세,31,1,56,20,35,1
충남,태안군,65세이상,78,7,134,52,70,12
충남,태안군,불명,5,1,4,0,2,2
충남,논산시,13-20세,14,0,22,7,15,0
충남,논산시,21-30세,54,1,83,31,51,1
충남,논산시,31-40세,56,3,95,36,57,2
충남,논산시,41-50세,80,3,120,48,70,2
충남,논산시,51-60세,118,8,187,85,99,3
충남,논산시,61-64세,48,2,79,35,40,4
충남,논산시,65세이상,86,8,118,50,63,5
충남,논산시,불명,7,0,7,5,2,0
충남,부여군,13-20세,4,0,7,3,4,0
충남,부여군,21-30세,22,4,27,11,16,0
충남,부여군,31-40세,20,2,22,12,10,0
충남,부여군,41-50세,42,3,58,29,26,3
충남,부여군,51-60세,53,3,70,31,39,0
충남,부여군,61-64세,22,1,22,12,10,0
충남,부여군,65세이상,54,7,72,29,43,0
충남,부여군,불명,5,0,5,2,3,0
충남,서천군,13-20세,10,1,14,9,5,0
충남,서천군,21-30세,15,1,27,5,21,1
충남,서천군,31-40세,32,2,46,19,26,1
충남,서천군,41-50세,36,0,64,16,47,1
충남,서천군,51-60세,97,1,162,54,99,9
충남,서천군,61-64세,42,1,69,28,39,2
충남,서천군,65세이상,94,5,133,41,85,7
충남,청양군,13-20세,2,0,3,1,2,0
충남,청양군,21-30세,19,0,24,6,18,0
충남,청양군,31-40세,14,2,13,6,7,0
충남,청양군,41-50세,31,1,46,17,29,0
충남,청양군,51-60세,37,3,44,22,22,0
충남,청양군,61-64세,22,0,34,13,21,0
충남,청양군,65세이상,49,7,68,38,30,0
충남,청양군,불명,1,0,1,1,0,0
충남,홍성군,12세이하,1,0,1,0,1,0
충남,홍성군,13-20세,10,0,15,8,7,0
충남,홍성군,21-30세,35,6,50,15,34,1
충남,홍성군,31-40세,34,1,57,14,43,0
충남,홍성군,41-50세,73,6,93,26,67,0
충남,홍성군,51-60세,82,5,122,35,86,1
충남,홍성군,61-64세,27,2,39,13,26,0
충남,홍성군,65세이상,59,9,89,32,56,1
충남,홍성군,불명,1,0,1,1,0,0
충남,예산군,12세이하,1,0,1,0,1,0
충남,예산군,13-20세,10,0,14,3,11,0
충남,예산군,21-30세,34,2,50,25,25,0
충남,예산군,31-40세,38,3,55,12,42,1
충남,예산군,41-50세,89,1,135,47,88,0
충남,예산군,51-60세,112,10,184,70,110,4
충남,예산군,61-64세,43,0,67,25,41,1
충남,예산군,65세이상,109,8,146,44,102,0
충남,예산군,불명,3,0,3,2,1,0
충남,당진시,12세이하,1,0,1,0,0,1
충남,당진시,13-20세,23,0,40,16,22,2
충남,당진시,21-30세,95,3,152,62,88,2
충남,당진시,31-40세,149,6,229,76,145,8
충남,당진시,41-50세,178,11,258,85,168,5
충남,당진시,51-60세,226,10,360,152,201,7
충남,당진시,61-64세,56,2,91,38,53,0
충남,당진시,65세이상,115,9,174,72,95,7
충남,당진시,불명,10,0,14,5,5,4
충남,계룡시,12세이하,1,0,1,0,1,0
충남,계룡시,21-30세,10,0,19,4,15,0
충남,계룡시,31-40세,8,0,15,1,14,0
충남,계룡시,41-50세,15,1,24,6,18,0
충남,계룡시,51-60세,16,0,23,4,19,0
충남,계룡시,61-64세,10,1,16,3,13,0
충남,계룡시,65세이상,10,0,20,4,15,1
충남,계룡시,불명,1,0,1,1,0,0
전북,전주시,12세이하,1,0,1,1,0,0
전북,전주시,13-20세,54,1,83,16,64,3
전북,전주시,21-30세,334,5,526,101,418,7
전북,전주시,31-40세,340,6,510,111,394,5
전북,전주시,41-50세,435,5,649,121,520,8
전북,전주시,51-60세,566,10,889,143,739,7
전북,전주시,61-64세,193,1,320,65,251,4
전북,전주시,65세이상,290,8,420,98,317,5
전북,전주시,불명,46,0,50,5,42,3
전북,군산시,12세이하,1,0,1,1,0,0
전북,군산시,13-20세,27,0,39,6,33,0
전북,군산시,21-30세,116,2,162,30,130,2
전북,군산시,31-40세,129,4,192,45,145,2
전북,군산시,41-50세,231,7,309,64,240,5
전북,군산시,51-60세,273,14,402,85,315,2
전북,군산시,61-64세,100,4,153,18,133,2
전북,군산시,65세이상,176,5,249,60,186,3
전북,군산시,불명,13,0,14,2,8,4
전북,정읍시,12세이하,2,0,2,1,1,0
전북,정읍시,13-20세,15,1,26,9,17,0
전북,정읍시,21-30세,62,0,111,22,87,2
전북,정읍시,31-40세,87,3,144,34,107,3
전북,정읍시,41-50세,117,4,167,44,121,2
전북,정읍시,51-60세,155,4,251,51,199,1
전북,정읍시,61-64세,63,0,101,22,78,1
전북,정읍시,65세이상,167,5,238,64,168,6
전북,정읍시,불명,3,0,3,0,3,0
전북,남원시,12세이하,1,0,1,0,1,0
전북,남원시,13-20세,3,1,2,0,2,0
전북,남원시,21-30세,23,2,32,12,20,0
전북,남원시,31-40세,33,1,53,16,37,0
전북,남원시,41-50세,56,2,76,29,47,0
전북,남원시,51-60세,84,4,116,42,74,0
전북,남원시,61-64세,30,2,54,20,34,0
전북,남원시,65세이상,83,15,91,35,56,0
전북,김제시,13-20세,11,2,22,9,13,0
전북,김제시,21-30세,46,4,67,18,49,0
전북,김제시,31-40세,61,5,95,24,71,0
전북,김제시,41-50세,76,2,121,39,82,0
전북,김제시,51-60세,120,1,189,58,130,1
전북,김제시,61-64세,38,1,62,20,42,0
전북,김제시,65세이상,93,9,132,36,96,0
전북,김제시,불명,3,0,3,2,1,0
전북,완주군,13-20세,5,0,8,1,5,2
전북,완주군,21-30세,36,3,58,19,39,0
전북,완주군,31-40세,40,2,51,23,28,0
전북,완주군,41-50세,55,1,81,30,51,0
전북,완주군,51-60세,65,3,100,26,73,1
전북,완주군,61-64세,23,4,44,15,25,4
전북,완주군,65세이상,41,5,79,36,42,1
전북,완주군,불명,3,0,3,0,2,1
전북,진안군,21-30세,2,1,4,2,2,0
전북,진안군,31-40세,1,0,2,0,2,0
전북,진안군,41-50세,6,1,11,5,6,0
전북,진안군,51-60세,15,2,21,11,10,0
전북,진안군,61-64세,7,0,11,4,7,0
전북,진안군,65세이상,19,1,26,10,16,0
전북,무주군,13-20세,2,0,2,0,2,0
전북,무주군,21-30세,12,2,29,13,16,0
전북,무주군,31-40세,8,0,10,2,8,0
전북,무주군,41-50세,29,3,43,15,28,0
전북,무주군,51-60세,38,1,61,21,40,0
전북,무주군,61-64세,8,0,17,5,12,0
전북,무주군,65세이상,30,6,40,12,28,0
전북,무주군,불명,1,0,1,1,0,0
전북,장수군,21-30세,2,0,6,2,4,0
전북,장수군,31-40세,6,0,16,2,14,0
전북,장수군,41-50세,12,1,35,15,20,0
전북,장수군,51-60세,11,0,28,6,22,0
전북,장수군,61-64세,6,1,14,6,8,0
전북,장수군,65세이상,19,0,29,14,15,0
전북,임실군,13-20세,2,0,2,1,1,0
전북,임실군,21-30세,10,1,16,3,13,0
전북,임실군,31-40세,6,0,10,1,9,0
전북,임실군,41-50세,25,1,33,13,20,0
전북,임실군,51-60세,23,0,41,10,31,0
전북,임실군,61-64세,9,0,30,6,24,0
전북,임실군,65세이상,18,1,31,6,25,0
전북,순창군,12세이하,1,0,1,0,0,1
전북,순창군,13-20세,2,0,2,1,1,0
전북,순창군,21-30세,5,0,6,3,3,0
전북,순창군,31-40세,13,0,19,4,15,0
전북,순창군,41-50세,22,3,29,11,18,0
전북,순창군,51-60세,41,2,68,20,46,2
전북,순창군,61-64세,5,0,9,3,6,0
전북,순창군,65세이상,31,1,35,7,25,3
전북,고창군,12세이하,1,0,1,0,1,0
전북,고창군,21-30세,6,0,6,3,2,1
전북,고창군,31-40세,15,1,28,7,21,0
전북,고창군,41-50세,21,3,32,11,21,0
전북,고창군,51-60세,42,3,60,29,30,1
전북,고창군,61-64세,13,4,20,10,10,0
전북,고창군,65세이상,29,8,39,13,24,2
전북,부안군,12세이하,1,0,1,0,1,0
전북,부안군,13-20세,3,0,5,1,4,0
전북,부안군,21-30세,26,0,53,15,38,0
전북,부안군,31-40세,15,2,15,7,8,0
전북,부안군,41-50세,43,2,72,14,58,0
전북,부안군,51-60세,75,2,126,35,91,0
전북,부안군,61-64세,30,3,47,18,29,0
전북,부안군,65세이상,87,2,129,46,80,3
전북,부안군,불명,1,0,1,0,1,0
전북,익산시,12세이하,1,0,1,0,1,0
전북,익산시,13-20세,24,0,29,5,23,1
전북,익산시,21-30세,134,2,195,41,151,3
전북,익산시,31-40세,149,4,200,59,139,2
전북,익산시,41-50세,207,7,323,64,256,3
전북,익산시,51-60세,254,7,361,90,269,2
전북,익산시,61-64세,100,2,151,31,119,1
전북,익산시,65세이상,170,8,255,64,187,4
전북,익산시,불명,10,0,12,3,9,0
전남,목포시,12세이하,3,0,3,2,1,0
전남,목포시,13-20세,63,2,113,18,91,4
전남,목포시,21-30세,171,2,306,32,269,5
전남,목포시,31-40세,254,4,422,60,361,1
전남,목포시,41-50세,264,3,448,61,384,3
전남,목포시,51-60세,325,1,523,64,455,4
전남,목포시,61-64세,109,2,179,30,147,2
전남,목포시,65세이상,217,3,362,58,303,1
전남,목포시,불명,51,0,64,1,57,6
전남,여수시,13-20세,30,3,40,14,25,1
전남,여수시,21-30세,204,1,322,65,253,4
전남,여수시,31-40세,233,4,339,57,274,8
전남,여수시,41-50세,294,6,466,92,370,4
전남,여수시,51-60세,358,12,551,99,443,9
전남,여수시,61-64세,133,2,193,41,150,2
전남,여수시,65세이상,199,5,277,54,209,14
전남,여수시,불명,12,0,14,2,9,3
전남,순천시,12세이하,1,0,1,0,1,0
전남,순천시,13-20세,39,0,61,14,43,4
전남,순천시,21-30세,166,7,242,42,186,14
전남,순천시,31-40세,197,6,312,55,255,2
전남,순천시,41-50세,288,4,476,91,373,12
전남,순천시,51-60세,337,7,521,125,392,4
전남,순천시,61-64세,101,3,160,40,119,1
전남,순천시,65세이상,187,5,270,74,188,8
전남,순천시,불명,9,0,9,2,5,2
전남,나주시,12세이하,1,0,1,1,0,0
전남,나주시,13-20세,13,1,19,4,15,0
전남,나주시,21-30세,76,2,126,24,100,2
전남,나주시,31-40세,105,4,178,28,143,7
전남,나주시,41-50세,120,2,202,36,158,8
전남,나주시,51-60세,138,3,265,53,206,6
전남,나주시,61-64세,55,0,128,27,93,8
전남,나주시,65세이상,131,11,215,42,171,2
전남,나주시,불명,4,0,5,2,3,0
전남,광양시,12세이하,1,0,1,1,0,0
전남,광양시,13-20세,11,0,22,7,12,3
전남,광양시,21-30세,86,2,151,30,114,7
전남,광양시,31-40세,112,4,170,28,135,7
전남,광양시,41-50세,143,2,218,41,166,11
전남,광양시,51-60세,181,1,260,48,206,6
전남,광양시,61-64세,50,1,91,21,66,4
전남,광양시,65세이상,80,5,117,21,90,6
전남,광양시,불명,2,0,2,0,2,0
전남,담양군,13-20세,8,1,13,3,10,0
전남,담양군,21-30세,26,0,56,11,45,0
전남,담양군,31-40세,50,1,109,24,81,4
전남,담양군,41-50세,53,3,92,17,74,1
전남,담양군,51-60세,71,6,108,35,72,1
전남,담양군,61-64세,17,0,25,11,12,2
전남,담양군,65세이상,79,5,114,36,75,3
전남,담양군,불명,1,0,1,0,1,0
전남,곡성군,13-20세,2,0,2,0,1,1
전남,곡성군,21-30세,5,0,13,0,12,1
전남,곡성군,31-40세,11,0,21,6,14,1
전남,곡성군,41-50세,17,0,20,8,10,2
전남,곡성군,51-60세,27,1,38,8,30,0
전남,곡성군,61-64세,15,0,24,8,15,1
전남,곡성군,65세이상,45,1,58,25,30,3
전남,구례군,12세이하,1,0,1,0,0,1
전남,구례군,21-30세,9,1,13,1,10,2
전남,구례군,31-40세,9,2,10,4,6,0
전남,구례군,41-50세,22,0,35,12,23,0
전남,구례군,51-60세,25,2,34,11,22,1
전남,구례군,61-64세,13,0,20,2,15,3
전남,구례군,65세이상,28,4,31,12,17,2
전남,구례군,불명,4,0,4,0,3,1
전남,고흥군,12세이하,2,0,3,1,2,0
전남,고흥군,13-20세,5,0,5,2,3,0
전남,고흥군,21-30세,23,2,37,10,26,1
전남,고흥군,31-40세,27,1,43,17,25,1
전남,고흥군,41-50세,46,5,71,25,46,0
전남,고흥군,51-60세,60,0,106,44,60,2
전남,고흥군,61-64세,35,1,57,28,29,0
전남,고흥군,65세이상,86,5,109,45,62,2
전남,고흥군,불명,3,0,4,2,2,0
전남,보성군,21-30세,17,1,31,5,26,0
전남,보성군,31-40세,27,0,40,7,32,1
전남,보성군,41-50세,49,2,81,30,48,3
전남,보성군,51-60세,61,2,100,37,61,2
전남,보성군,61-64세,30,5,41,10,29,2
전남,보성군,65세이상,89,3,136,40,85,11
전남,화순군,12세이하,3,0,3,0,1,2
전남,화순군,13-20세,7,0,13,4,8,1
전남,화순군,21-30세,32,2,57,7,41,9
전남,화순군,31-40세,32,1,65,10,49,6
전남,화순군,41-50세,54,2,108,18,80,10
전남,화순군,51-60세,85,4,162,26,120,16
전남,화순군,61-64세,20,0,47,6,37,4
전남,화순군,65세이상,64,2,117,32,71,14
전남,화순군,불명,2,0,2,0,2,0
전남,장흥군,13-20세,8,3,8,2,6,0
전남,장흥군,21-30세,26,1,34,5,29,0
전남,장흥군,31-40세,24,1,39,10,27,2
전남,장흥군,41-50세,41,1,66,15,49,2
전남,장흥군,51-60세,68,2,110,38,69,3
전남,장흥군,61-64세,24,1,52,12,40,0
전남,장흥군,65세이상,81,4,117,39,75,3
전남,장흥군,불명,1,0,1,0,1,0
전남,강진군,13-20세,3,1,4,0,4,0
전남,강진군,21-30세,27,2,48,6,38,4
전남,강진군,31-40세,35,0,65,19,38,8
전남,강진군,41-50세,62,3,114,31,81,2
전남,강진군,51-60세,69,4,124,23,93,8
전남,강진군,61-64세,29,1,45,6,37,2
전남,강진군,65세이상,77,3,136,32,101,3
전남,해남군,13-20세,5,0,12,1,11,0
전남,해남군,21-30세,31,0,45,10,33,2
전남,해남군,31-40세,41,2,64,12,52,0
전남,해남군,41-50세,72,1,114,35,79,0
전남,해남군,51-60세,92,2,148,48,99,1
전남,해남군,61-64세,28,3,39,9,29,1
전남,해남군,65세이상,93,9,126,38,85,3
전남,해남군,불명,4,0,4,1,3,0
전남,영암군,12세이하,2,0,2,0,2,0
전남,영암군,13-20세,9,0,19,3,16,0
전남,영암군,21-30세,60,1,125,22,100,3
전남,영암군,31-40세,61,1,112,12,98,2
전남,영암군,41-50세,102,2,201,34,165,2
전남,영암군,51-60세,112,5,172,43,129,0
전남,영암군,61-64세,40,4,55,14,40,1
전남,영암군,65세이상,100,11,173,53,119,1
전남,영암군,불명,2,0,4,1,3,0
전남,무안군,12세이하,1,0,1,0,1,0
전남,무안군,13-20세,7,0,11,5,6,0
전남,무안군,21-30세,41,2,64,10,54,0
전남,무안군,31-40세,50,3,73,16,57,0
전남,무안군,41-50세,84,3,132,24,107,1
전남,무안군,51-60세,75,4,109,28,81,0
전남,무안군,61-64세,19,2,23,5,17,1
전남,무안군,65세이상,69,3,102,28,71,3
전남,무안군,불명,4,0,5,0,3,2
전남,함평군,13-20세,3,0,4,0,3,1
전남,함평군,21-30세,15,0,58,12,31,15
전남,함평군,31-40세,27,1,40,5,27,8
전남,함평군,41-50세,27,0,47,12,30,5
전남,함평군,51-60세,58,1,88,20,54,14
전남,함평군,61-64세,18,1,31,9,18,4
전남,함평군,65세이상,59,3,88,26,50,12
전남,함평군,불명,2,0,2,0,1,1
전남,영광군,13-20세,5,0,8,2,5,1
전남,영광군,21-30세,14,0,23,2,21,0
전남,영광군,31-40세,34,2,47,14,32,1
전남,영광군,41-50세,50,5,83,25,58,0
전남,영광군,51-60세,54,4,73,26,46,1
전남,영광군,61-64세,23,2,33,4,28,1
전남,영광군,65세이상,65,3,94,33,55,6
전남,장성군,12세이하,1,0,1,0,1,0
전남,장성군,13-20세,5,0,13,2,10,1
전남,장성군,21-30세,23,0,35,8,26,1
전남,장성군,31-40세,23,0,39,8,27,4
전남,장성군,41-50세,52,2,84,11,69,4
전남,장성군,51-60세,56,0,89,30,53,6
전남,장성군,61-64세,19,3,23,3,19,1
전남,장성군,65세이상,45,3,82,15,58,9
전남,장성군,불명,1,0,1,0,1,0
전남,완도군,13-20세,2,0,3,2,1,0
전남,완도군,21-30세,20,0,26,11,14,1
전남,완도군,31-40세,21,3,26,8,18,0
전남,완도군,41-50세,31,2,40,15,25,0
전남,완도군,51-60세,45,3,72,22,50,0
전남,완도군,61-64세,10,0,16,4,12,0
전남,완도군,65세이상,38,5,50,16,34,0
전남,진도군,13-20세,2,0,2,0,1,1
전남,진도군,21-30세,6,0,15,5,10,0
전남,진도군,31-40세,10,1,11,3,7,1
전남,진도군,41-50세,26,2,61,14,33,14
전남,진도군,51-60세,33,1,54,18,35,1
전남,진도군,61-64세,5,0,9,4,5,0
전남,진도군,65세이상,41,2,69,29,40,0
전남,신안군,13-20세,1,0,1,0,1,0
전남,신안군,21-30세,4,2,6,0,6,0
전남,신안군,31-40세,9,1,11,3,8,0
전남,신안군,41-50세,18,2,27,11,16,0
전남,신안군,51-60세,25,1,36,17,19,0
전남,신안군,61-64세,4,0,7,0,7,0
전남,신안군,65세이상,24,5,26,16,10,0
전남,신안군,불명,3,0,3,2,1,0
경북,포항시,12세이하,3,0,3,1,2,0
경북,포항시,13-20세,78,1,112,30,77,5
경북,포항시,21-30세,333,4,522,104,402,16
경북,포항시,31-40세,402,10,639,135,474,30
경북,포항시,41-50세,473,5,693,160,516,17
경북,포항시,51-60세,709,12,1117,230,858,29
경북,포항시,61-64세,263,5,386,86,286,14
경북,포항시,65세이상,457,16,628,152,463,13
경북,포항시,불명,44,0,50,9,38,3
경북,경주시,12세이하,1,0,1,0,1,0
경북,경주시,13-20세,39,1,68,16,46,6
경북,경주시,21-30세,192,4,336,94,224,18
경북,경주시,31-40세,202,2,338,91,230,17
경북,경주시,41-50세,312,11,501,141,341,19
경북,경주시,51-60세,435,14,640,199,411,30
경북,경주시,61-64세,139,2,224,85,131,8
경북,경주시,65세이상,299,11,413,124,265,24
경북,경주시,불명,7,0,8,1,6,1
경북,김천시,13-20세,15,0,16,4,12,0
경북,김천시,21-30세,56,0,79,16,63,0
경북,김천시,31-40세,82,0,106,32,72,2
경북,김천시,41-50세,116,1,159,38,115,6
경북,김천시,51-60세,172,9,225,65,158,2
경북,김천시,61-64세,60,3,86,39,46,1
경북,김천시,65세이상,110,6,154,45,107,2
경북,김천시,불명,4,0,5,1,0,4
경북,안동시,12세이하,3,0,3,0,2,1
경북,안동시,13-20세,19,0,31,5,25,1
경북,안동시,21-30세,103,1,150,39,108,3
경북,안동시,31-40세,127,3,184,41,138,5
경북,안동시,41-50세,189,3,322,69,250,3
경북,안동시,51-60세,218,5,328,93,235,0
경북,안동시,61-64세,70,3,100,25,75,0
경북,안동시,65세이상,208,10,297,86,205,6
경북,안동시,불명,11,0,15,3,11,1
경북,구미시,12세이하,4,0,4,0,3,1
경북,구미시,13-20세,77,2,109,22,59,28
경북,구미시,21-30세,317,3,453,112,288,53
경북,구미시,31-40세,365,4,578,130,414,34
경북,구미시,41-50세,425,8,610,162,404,44
경북,구미시,51-60세,446,17,665,193,434,38
경북,구미시,61-64세,106,0,181,38,128,15
경북,구미시,65세이상,163,4,220,66,131,23
경북,구미시,불명,16,0,16,3,8,5
경북,영주시,12세이하,1,0,1,1,0,0
경북,영주시,13-20세,7,0,13,1,10,2
경북,영주시,21-30세,49,1,73,22,49,2
경북,영주시,31-40세,58,2,75,23,45,7
경북,영주시,41-50세,107,3,143,41,97,5
경북,영주시,51-60세,142,1,199,68,119,12
경북,영주시,61-64세,54,0,76,20,53,3
경북,영주시,65세이상,117,3,178,74,90,14
경북,영주시,불명,2,0,2,1,1,0
경북,영천시,13-20세,11,0,20,2,17,1
경북,영천시,21-30세,72,2,129,20,97,12
경북,영천시,31-40세,84,2,131,28,93,10
경북,영천시,41-50세,113,3,192,31,154,7
경북,영천시,51-60세,195,6,342,79,257,6
경북,영천시,61-64세,65,4,118,21,85,12
경북,영천시,65세이상,173,3,279,78,198,3
경북,영천시,불명,8,0,17,3,11,3
경북,문경시,12세이하,2,0,2,0,2,0
경북,문경시,13-20세,11,0,14,5,8,1
경북,문경시,21-30세,39,2,75,19,53,3
경북,문경시,31-40세,53,2,99,26,69,4
경북,문경시,41-50세,81,1,139,44,93,2
경북,문경시,51-60세,110,4,179,56,120,3
경북,문경시,61-64세,34,0,61,13,45,3
경북,문경시,65세이상,106,4,160,43,113,4
경북,문경시,불명,3,0,3,1,2,0
경북,상주시,12세이하,2,0,2,0,2,0
경북,상주시,13-20세,14,1,17,5,12,0
경북,상주시,21-30세,39,2,70,25,44,1
경북,상주시,31-40세,74,4,109,41,68,0
경북,상주시,41-50세,112,8,177,69,107,1
경북,상주시,51-60세,165,6,218,92,123,3
경북,상주시,61-64세,52,4,79,30,49,0
경북,상주시,65세이상,144,9,180,75,103,2
경북,상주시,불명,2,0,2,0,1,1
경북,군위군,21-30세,4,0,21,6,14,1
경북,군위군,31-40세,9,3,13,3,9,1
경북,군위군,41-50세,10,1,12,7,4,1
경북,군위군,51-60세,20,0,25,8,17,0
경북,군위군,61-64세,13,2,18,7,9,2
경북,군위군,65세이상,30,1,48,24,24,0
경북,의성군,13-20세,4,0,7,3,3,1
경북,의성군,21-30세,10,0,13,4,9,0
경북,의성군,31-40세,19,0,24,8,16,0
경북,의성군,41-50세,34,3,39,17,22,0
경북,의성군,51-60세,72,1,99,52,46,1
경북,의성군,61-64세,29,0,53,31,21,1
경북,의성군,65세이상,84,5,115,57,58,0
경북,의성군,불명,1,0,1,1,0,0
경북,청송군,13-20세,1,0,1,0,1,0
경북,청송군,21-30세,6,0,9,3,6,0
경북,청송군,31-40세,8,0,17,11,5,1
경북,청송군,41-50세,16,1,21,6,15,0
경북,청송군,51-60세,23,2,32,10,22,0
경북,청송군,61-64세,6,0,11,1,8,2
경북,청송군,65세이상,35,7,51,21,28,2
경북,영양군,13-20세,1,0,1,1,0,0
경북,영양군,21-30세,5,0,9,4,5,0
경북,영양군,31-40세,10,0,14,4,10,0
경북,영양군,41-50세,11,0,15,6,8,1
경북,영양군,51-60세,28,1,40,13,26,1
경북,영양군,61-64세,12,0,12,6,6,0
경북,영양군,65세이상,19,0,27,14,13,0
경북,영덕군,13-20세,2,0,4,1,3,0
경북,영덕군,21-30세,18,0,42,18,23,1
경북,영덕군,31-40세,28,0,48,17,29,2
경북,영덕군,41-50세,48,0,89,20,63,6
경북,영덕군,51-60세,78,4,121,45,72,4
경북,영덕군,61-64세,31,3,57,22,30,5
경북,영덕군,65세이상,58,4,78,21,53,4
경북,영덕군,불명,1,0,1,0,1,0
경북,청도군,13-20세,4,0,11,1,10,0
경북,청도군,21-30세,23,1,32,5,26,1
경북,청도군,31-40세,14,2,28,9,19,0
경북,청도군,41-50세,37,3,63,13,50,0
경북,청도군,51-60세,56,3,86,32,53,1
경북,청도군,61-64세,24,2,46,16,29,1
경북,청도군,65세이상,60,4,92,33,55,4
경북,청도군,불명,3,0,3,1,0,2
경북,고령군,13-20세,4,1,3,0,3,0
경북,고령군,21-30세,16,1,23,5,18,0
경북,고령군,31-40세,18,1,28,11,15,2
경북,고령군,41-50세,31,1,50,19,31,0
경북,고령군,51-60세,45,3,57,14,42,1
경북,고령군,61-64세,28,1,40,16,24,0
경북,고령군,65세이상,46,3,75,34,39,2
경북,고령군,불명,1,0,1,0,1,0
경북,성주군,13-20세,4,0,4,3,1,0
경북,성주군,21-30세,25,1,38,13,25,0
경북,성주군,31-40세,33,1,48,20,28,0
경북,성주군,41-50세,46,4,72,30,42,0
경북,성주군,51-60세,72,3,96,34,61,1
경북,성주군,61-64세,33,1,46,10,36,0
경북,성주군,65세이상,62,3,90,34,56,0
경북,성주군,불명,2,0,2,0,2,0
경북,칠곡군,12세이하,1,0,1,0,0,1
경북,칠곡군,13-20세,14,0,22,3,12,7
경북,칠곡군,21-30세,75,2,134,27,84,23
경북,칠곡군,31-40세,123,4,189,46,109,34
경북,칠곡군,41-50세,150,2,232,62,119,51
경북,칠곡군,51-60세,166,4,273,53,190,30
경북,칠곡군,61-64세,59,2,86,17,46,23
경북,칠곡군,65세이상,102,3,152,40,81,31
경북,칠곡군,불명,13,0,13,1,8,4
경북,예천군,13-20세,6,0,11,4,7,0
경북,예천군,21-30세,23,2,35,21,14,0
경북,예천군,31-40세,14,1,20,10,10,0
경북,예천군,41-50세,32,0,47,29,18,0
경북,예천군,51-60세,40,0,52,35,17,0
경북,예천군,61-64세,19,1,26,16,10,0
경북,예천군,65세이상,53,5,67,47,20,0
경북,예천군,불명,1,0,1,1,0,0
경북,봉화군,12세이하,2,0,2,0,0,2
경북,봉화군,13-20세,2,0,7,3,4,0
경북,봉화군,21-30세,4,0,8,1,6,1
경북,봉화군,31-40세,16,0,30,5,22,3
경북,봉화군,41-50세,23,1,29,5,20,4
경북,봉화군,51-60세,41,0,77,25,44,8
경북,봉화군,61-64세,20,0,35,4,28,3
경북,봉화군,65세이상,41,0,69,24,37,8
경북,울진군,13-20세,1,0,1,1,0,0
경북,울진군,21-30세,9,0,16,6,10,0
경북,울진군,31-40세,20,3,23,16,5,2
경북,울진군,41-50세,29,1,42,23,19,0
경북,울진군,51-60세,48,3,68,29,38,1
경북,울진군,61-64세,10,1,15,6,5,4
경북,울진군,65세이상,31,0,38,16,21,1
경북,울진군,불명,1,0,1,1,0,0
경북,울릉군,31-40세,1,0,2,0,2,0
경북,울릉군,41-50세,4,0,4,1,3,0
경북,울릉군,51-60세,12,0,17,10,7,0
경북,울릉군,61-64세,2,0,3,2,1,0
경북,울릉군,65세이상,3,1,7,1,5,1
경북,경산시,12세이하,4,0,4,2,2,0
경북,경산시,13-20세,38,1,52,14,36,2
경북,경산시,21-30세,204,5,283,83,193,7
경북,경산시,31-40세,180,5,229,55,168,6
경북,경산시,41-50세,202,5,270,75,191,4
경북,경산시,51-60세,265,12,366,106,254,6
경북,경산시,61-64세,81,3,97,38,58,1
경북,경산시,65세이상,124,8,176,49,126,1
경북,경산시,불명,15,0,16,3,12,1
경남,진주시,12세이하,1,0,6,0,0,6
경남,진주시,13-20세,33,1,38,13,22,3
경남,진주시,21-30세,115,2,156,78,72,6
경남,진주시,31-40세,111,3,147,73,72,2
경남,진주시,41-50세,173,5,218,109,108,1
경남,진주시,51-60세,200,4,273,136,131,6
경남,진주시,61-64세,62,3,69,42,26,1
경남,진주시,65세이상,121,5,157,84,69,4
경남,진주시,불명,9,0,9,4,5,0
경남,통영시,12세이하,1,0,1,1,0,0
경남,통영시,13-20세,12,0,19,3,14,2
경남,통영시,21-30세,57,0,95,26,64,5
경남,통영시,31-40세,105,4,147,43,94,10
경남,통영시,41-50세,169,4,258,64,181,13
경남,통영시,51-60세,188,6,276,78,191,7
경남,통영시,61-64세,46,0,86,18,66,2
경남,통영시,65세이상,102,2,137,49,83,5
경남,통영시,불명,4,0,4,1,2,1
경남,김해시,12세이하,5,0,7,4,2,1
경남,김해시,13-20세,81,1,115,44,61,10
경남,김해시,21-30세,280,4,437,152,273,12
경남,김해시,31-40세,352,6,503,198,287,18
경남,김해시,41-50세,432,3,650,225,404,21
경남,김해시,51-60세,520,12,784,286,477,21
경남,김해시,61-64세,148,4,202,71,127,4
경남,김해시,65세이상,206,5,308,107,183,18
경남,김해시,불명,28,0,34,6,25,3
경남,밀양시,13-20세,4,0,4,3,0,1
경남,밀양시,21-30세,30,0,50,22,26,2
경남,밀양시,31-40세,45,2,68,25,43,0
경남,밀양시,41-50세,74,6,118,41,73,4
경남,밀양시,51-60세,119,5,176,66,104,6
경남,밀양시,61-64세,29,1,36,8,26,2
경남,밀양시,65세이상,68,1,87,40,45,2
경남,밀양시,불명,2,0,2,0,2,0
경남,거제시,12세이하,1,0,1,0,1,0
경남,거제시,13-20세,14,0,21,8,13,0
경남,거제시,21-30세,94,1,137,37,96,4
경남,거제시,31-40세,156,1,222,68,153,1
경남,거제시,41-50세,231,3,307,101,204,2
경남,거제시,51-60세,196,2,260,93,165,2
경남,거제시,61-64세,64,2,93,27,66,0
경남,거제시,65세이상,88,2,117,34,82,1
경남,거제시,불명,12,0,13,3,9,1
경남,의령군,13-20세,2,0,4,1,3,0
경남,의령군,21-30세,4,0,5,4,1,0
경남,의령군,31-40세,8,3,7,2,5,0
경남,의령군,41-50세,22,1,37,11,24,2
경남,의령군,51-60세,27,1,40,18,22,0
경남,의령군,61-64세,17,2,20,7,11,2
경남,의령군,65세이상,49,3,62,22,38,2
경남,의령군,불명,1,0,1,1,0,0
경남,함안군,12세이하,1,0,1,0,0,1
경남,함안군,13-20세,3,0,7,1,6,0
경남,함안군,21-30세,29,4,48,10,38,0
경남,함안군,31-40세,33,3,41,10,23,8
경남,함안군,41-50세,46,4,65,23,40,2
경남,함안군,51-60세,81,5,110,45,64,1
경남,함안군,61-64세,29,2,47,19,27,1
경남,함안군,65세이상,48,7,61,27,31,3
경남,함안군,불명,3,0,3,0,3,0
경남,창녕군,12세이하,1,0,1,0,1,0
경남,창녕군,13-20세,4,0,7,3,3,1
경남,창녕군,21-30세,32,2,46,20,24,2
경남,창녕군,31-40세,27,0,44,17,26,1
경남,창녕군,41-50세,62,5,99,26,67,6
경남,창녕군,51-60세,94,5,134,55,74,5
경남,창녕군,61-64세,25,0,49,11,29,9
경남,창녕군,65세이상,90,2,121,48,63,10
경남,창녕군,불명,1,0,1,0,1,0
경남,양산시,12세이하,2,0,2,2,0,0
경남,양산시,13-20세,27,0,34,17,15,2
경남,양산시,21-30세,148,3,219,69,132,18
경남,양산시,31-40세,196,6,279,94,166,19
경남,양산시,41-50세,213,4,314,88,193,33
경남,양산시,51-60세,281,8,412,132,240,40
경남,양산시,61-64세,102,0,159,50,98,11
경남,양산시,65세이상,116,6,166,47,99,20
경남,양산시,불명,21,0,27,5,15,7
경남,고성군,21-30세,19,0,27,9,18,0
경남,고성군,31-40세,27,3,29,11,18,0
경남,고성군,41-50세,45,2,58,24,34,0
경남,고성군,51-60세,62,2,99,44,53,2
경남,고성군,61-64세,30,3,41,20,20,1
경남,고성군,65세이상,58,11,96,41,55,0
경남,고성군,불명,2,0,2,1,1,0
경남,사천시,13-20세,6,0,14,1,8,5
경남,사천시,21-30세,57,3,85,26,52,7
경남,사천시,31-40세,90,4,131,48,72,11
경남,사천시,41-50세,119,1,233,66,148,19
경남,사천시,51-60세,165,3,261,63,170,28
경남,사천시,61-64세,52,1,83,31,48,4
경남,사천시,65세이상,113,1,161,57,89,15
경남,사천시,불명,5,0,5,1,3,1
경남,남해군,13-20세,5,1,4,2,1,1
경남,남해군,21-30세,13,0,24,9,9,6
경남,남해군,31-40세,14,1,22,10,6,6
경남,남해군,41-50세,33,1,45,30,14,1
경남,남해군,51-60세,64,0,104,56,41,7
경남,남해군,61-64세,6,0,7,5,2,0
경남,남해군,65세이상,52,3,70,43,24,3
경남,하동군,13-20세,3,1,4,3,1,0
경남,하동군,21-30세,8,0,17,3,13,1
경남,하동군,31-40세,12,0,13,9,3,1
경남,하동군,41-50세,32,1,46,21,23,2
경남,하동군,51-60세,34,4,40,20,18,2
경남,하동군,61-64세,19,1,22,12,10,0
경남,하동군,65세이상,39,3,43,22,21,0
경남,하동군,불명,2,0,6,1,5,0
경남,산청군,21-30세,9,0,19,5,9,5
경남,산청군,31-40세,17,3,21,10,8,3
경남,산청군,41-50세,38,5,56,23,26,7
경남,산청군,51-60세,59,1,89,38,47,4
경남,산청군,61-64세,13,0,24,5,18,1
경남,산청군,65세이상,47,2,71,37,25,9
경남,함양군,13-20세,5,0,9,5,2,2
경남,함양군,21-30세,9,0,19,6,10,3
경남,함양군,31-40세,14,4,20,9,9,2
경남,함양군,41-50세,32,4,38,22,12,4
경남,함양군,51-60세,49,3,84,22,52,10
경남,함양군,61-64세,16,0,31,14,13,4
경남,함양군,65세이상,39,4,61,24,31,6
경남,함양군,불명,1,0,1,0,1,0
경남,거창군,12세이하,3,0,3,0,3,0
경남,거창군,13-20세,19,0,26,6,20,0
경남,거창군,21-30세,22,0,31,14,17,0
경남,거창군,31-40세,19,0,34,18,16,0
경남,거창군,41-50세,44,1,61,26,35,0
경남,거창군,51-60세,67,4,94,38,52,4
경남,거창군,61-64세,22,1,26,14,12,0
경남,거창군,65세이상,45,2,48,29,16,3
경남,거창군,불명,1,0,1,0,1,0
경남,합천군,21-30세,8,1,10,5,5,0
경남,합천군,31-40세,15,0,16,8,6,2
경남,합천군,41-50세,36,3,41,20,18,3
경남,합천군,51-60세,43,3,55,19,30,6
경남,합천군,61-64세,21,0,28,14,13,1
경남,합천군,65세이상,43,1,70,31,35,4
경남,합천군,불명,2,1,1,0,0,1
경남,창원시(통합),12세이하,5,0,5,3,2,0
경남,창원시(통합),13-20세,64,1,75,30,38,7
경남,창원시(통합),21-30세,348,7,506,151,339,16
경남,창원시(통합),31-40세,429,10,591,203,377,11
경남,창원시(통합),41-50세,588,9,831,258,550,23
경남,창원시(통합),51-60세,821,17,1143,372,747,24
경남,창원시(통합),61-64세,272,5,391,111,266,14
경남,창원시(통합),65세이상,350,15,466,152,296,18
경남,창원시(통합),불명,39,0,45,6,31,8
제주,제주시,12세이하,6,0,6,0,3,3
제주,제주시,13-20세,88,3,119,22,73,24
제주,제주시,21-30세,562,6,848,142,597,109
제주,제주시,31-40세,541,9,843,152,600,91
제주,제주시,41-50세,573,3,863,195,570,98
제주,제주시,51-60세,621,10,975,179,707,89
제주,제주시,61-64세,195,2,280,69,189,22
제주,제주시,65세이상,347,9,508,118,344,46
제주,제주시,불명,70,0,89,12,55,22
제주,서귀포시,12세이하,3,0,3,1,1,1
제주,서귀포시,13-20세,28,0,47,9,27,11
제주,서귀포시,21-30세,179,9,339,92,186,61
제주,서귀포시,31-40세,230,5,372,93,223,56
제주,서귀포시,41-50세,208,3,362,84,218,60
제주,서귀포시,51-60세,306,14,509,121,304,84
제주,서귀포시,61-64세,86,4,143,32,87,24
제주,서귀포시,65세이상,185,5,289,81,159,49
제주,서귀포시,불명,11,0,16,1,4,11
대구,중구,13-20세,53,0,73,8,55,10
대구,중구,21-30세,197,0,294,68,190,36
대구,중구,31-40세,130,1,201,43,126,32
대구,중구,41-50세,132,0,194,41,131,22
대구,중구,51-60세,226,2,329,69,229,31
대구,중구,61-64세,87,0,133,29,85,19
대구,중구,65세이상,161,2,214,46,136,32
대구,중구,불명,34,0,34,7,22,5
대구,동구,12세이하,5,0,8,1,3,4
대구,동구,13-20세,47,0,76,13,53,10
대구,동구,21-30세,218,3,336,85,227,24
대구,동구,31-40세,235,3,307,67,222,18
대구,동구,41-50세,309,4,434,99,289,46
대구,동구,51-60세,417,3,629,146,436,47
대구,동구,61-64세,170,2,235,56,164,15
대구,동구,65세이상,287,5,388,103,255,30
대구,동구,불명,30,0,31,4,17,10
대구,서구,12세이하,2,0,2,0,2,0
대구,서구,13-20세,39,0,58,11,41,6
대구,서구,21-30세,158,6,229,46,157,26
대구,서구,31-40세,171,1,262,56,190,16
대구,서구,41-50세,207,4,293,69,211,13
대구,서구,51-60세,344,3,480,104,340,36
대구,서구,61-64세,109,1,154,33,116,5
대구,서구,65세이상,177,2,252,53,162,37
대구,서구,불명,43,0,43,7,14,22
대구,남구,12세이하,1,0,1,0,1,0
대구,남구,13-20세,22,0,30,2,21,7
대구,남구,21-30세,135,1,201,37,152,12
대구,남구,31-40세,109,0,188,30,153,5
대구,남구,41-50세,150,2,222,44,160,18
대구,남구,51-60세,225,1,313,73,219,21
대구,남구,61-64세,76,0,111,33,76,2
대구,남구,65세이상,122,1,171,41,118,12
대구,남구,불명,19,0,20,3,16,1
대구,북구,12세이하,2,0,2,1,1,0
대구,북구,13-20세,93,1,138,21,84,33
대구,북구,21-30세,319,1,467,102,315,50
대구,북구,31-40세,324,5,481,108,325,48
대구,북구,41-50세,496,7,731,175,500,56
대구,북구,51-60세,563,3,824,207,569,48
대구,북구,61-64세,189,3,264,65,182,17
대구,북구,65세이상,323,5,456,109,301,46
대구,북구,불명,49,0,51,5,36,10
대구,수성구,12세이하,6,0,7,1,3,3
대구,수성구,13-20세,61,1,77,22,42,13
대구,수성구,21-30세,302,7,474,97,337,40
대구,수성구,31-40세,317,3,468,107,326,35
대구,수성구,41-50세,466,5,697,131,517,49
대구,수성구,51-60세,402,2,664,148,479,37
대구,수성구,61-64세,164,0,255,58,192,5
대구,수성구,65세이상,270,2,387,89,265,33
대구,수성구,불명,28,0,35,6,21,8
대구,달서구,12세이하,10,0,10,0,6,4
대구,달서구,13-20세,120,1,185,26,132,27
대구,달서구,21-30세,442,2,701,126,519,56
대구,달서구,31-40세,485,4,711,142,526,43
대구,달서구,41-50세,563,1,864,153,661,50
대구,달서구,51-60세,775,3,1117,229,832,56
대구,달서구,61-64세,293,1,445,83,335,27
대구,달서구,65세이상,371,1,540,113,384,43
대구,달서구,불명,51,0,56,11,35,10
대구,달성군,12세이하,5,0,5,0,2,3
대구,달성군,13-20세,38,0,54,11,35,8
대구,달성군,21-30세,108,0,161,31,119,11
대구,달성군,31-40세,139,3,193,53,133,7
대구,달성군,41-50세,171,5,269,73,193,3
대구,달성군,51-60세,229,2,340,81,243,16
대구,달성군,61-64세,68,3,95,27,64,4
대구,달성군,65세이상,93,1,140,34,98,8
대구,달성군,불명,17,1,22,1,13,8
인천,중구,12세이하,1,0,1,0,1,0
인천,중구,13-20세,13,0,20,9,10,1
인천,중구,21-30세,60,1,93,27,64,2
인천,중구,31-40세,86,3,135,38,89,8
인천,중구,41-50세,99,3,165,36,122,7
인천,중구,51-60세,126,5,206,64,126,16
인천,중구,61-64세,42,0,82,13,68,1
인천,중구,65세이상,54,2,73,12,55,6
인천,중구,불명,12,0,12,1,8,3
인천,동구,13-20세,1,0,1,0,1,0
인천,동구,21-30세,16,0,26,11,13,2
인천,동구,31-40세,25,0,32,10,18,4
인천,동구,41-50세,24,1,35,12,23,0
인천,동구,51-60세,42,0,63,20,38,5
인천,동구,61-64세,22,0,26,8,17,1
인천,동구,65세이상,18,1,24,7,13,4
인천,동구,불명,8,0,9,4,5,0
인천,남구,12세이하,1,0,2,0,1,1
인천,남구,13-20세,27,1,36,7,25,4
인천,남구,21-30세,173,2,246,42,178,26
인천,남구,31-40세,172,3,247,52,180,15
인천,남구,41-50세,206,5,302,62,211,29
인천,남구,51-60세,271,2,385,75,279,31
인천,남구,61-64세,85,3,127,22,100,5
인천,남구,65세이상,127,1,175,27,128,20
인천,남구,불명,65,0,70,4,27,39
인천,부평구,13-20세,41,1,57,18,39,0
인천,부평구,21-30세,177,1,267,50,212,5
인천,부평구,31-40세,167,2,251,53,189,9
인천,부평구,41-50세,210,2,311,65,239,7
인천,부평구,51-60세,260,1,370,84,277,9
인천,부평구,61-64세,97,3,127,31,94,2
인천,부평구,65세이상,106,0,149,36,104,9
인천,부평구,불명,51,0,53,6,36,11
인천,남동구,12세이하,3,0,4,0,3,1
인천,남동구,13-20세,55,1,83,21,56,6
인천,남동구,21-30세,257,3,412,78,321,13
인천,남동구,31-40세,286,2,401,65,322,14
인천,남동구,41-50세,341,2,505,106,385,14
인천,남동구,51-60세,408,1,599,99,472,28
인천,남동구,61-64세,109,1,161,38,117,6
인천,남동구,65세이상,172,1,264,49,200,15
인천,남동구,불명,76,0,80,9,50,21
인천,서구,12세이하,4,0,4,0,2,2
인천,서구,13-20세,51,0,64,20,42,2
인천,서구,21-30세,180,4,240,63,172,5
인천,서구,31-40세,227,0,307,92,213,2
인천,서구,41-50세,279,4,402,96,298,8
인천,서구,51-60세,347,7,491,105,374,12
인천,서구,61-64세,91,2,121,26,90,5
인천,서구,65세이상,96,2,148,43,101,4
인천,서구,불명,39,0,46,3,29,14
인천,연수구,13-20세,25,1,27,5,16,6
인천,연수구,21-30세,108,1,156,46,104,6
인천,연수구,31-40세,118,1,179,40,137,2
인천,연수구,41-50세,145,6,207,56,145,6
인천,연수구,51-60세,165,4,239,55,180,4
인천,연수구,61-64세,58,4,77,27,48,2
인천,연수구,65세이상,55,0,76,21,54,1
인천,연수구,불명,13,0,17,5,7,5
인천,계양구,12세이하,4,0,5,0,4,1
인천,계양구,13-20세,28,0,41,14,22,5
인천,계양구,21-30세,107,4,154,30,119,5
인천,계양구,31-40세,137,2,201,51,143,7
인천,계양구,41-50세,143,3,200,48,133,19
인천,계양구,51-60세,236,3,328,75,240,13
인천,계양구,61-64세,53,1,85,29,53,3
인천,계양구,65세이상,68,1,88,21,63,4
인천,계양구,불명,26,0,33,1,19,13
인천,강화군,13-20세,5,0,5,3,2,0
인천,강화군,21-30세,19,0,31,8,23,0
인천,강화군,31-40세,16,1,24,12,11,1
인천,강화군,41-50세,31,1,47,18,29,0
인천,강화군,51-60세,61,1,97,32,50,15
인천,강화군,61-64세,29,1,37,14,21,2
인천,강화군,65세이상,41,3,59,25,31,3
인천,옹진군,21-30세,4,0,6,0,5,1
인천,옹진군,31-40세,4,0,5,3,1,1
인천,옹진군,41-50세,9,1,16,8,7,1
인천,옹진군,51-60세,12,0,18,4,13,1
인천,옹진군,61-64세,1,0,3,0,3,0
인천,옹진군,65세이상,5,1,5,3,2,0
광주,동구,13-20세,22,0,38,2,33,3
광주,동구,21-30세,95,1,142,23,112,7
광주,동구,31-40세,63,0,103,16,83,4
광주,동구,41-50세,77,1,111,20,90,1
광주,동구,51-60세,134,1,194,32,160,2
광주,동구,61-64세,37,0,57,6,49,2
광주,동구,65세이상,68,0,108,9,95,4
광주,동구,불명,13,0,14,2,6,6
광주,서구,12세이하,1,0,1,0,1,0
광주,서구,13-20세,46,0,73,8,64,1
광주,서구,21-30세,301,1,511,47,452,12
광주,서구,31-40세,342,1,561,53,500,8
광주,서구,41-50세,392,4,651,60,571,20
광주,서구,51-60세,470,1,749,95,630,24
광주,서구,61-64세,140,3,226,14,208,4
광주,서구,65세이상,218,1,345,35,305,5
광주,서구,불명,42,0,53,5,45,3
광주,북구,12세이하,7,0,7,1,6,0
광주,북구,13-20세,93,0,165,19,137,9
광주,북구,21-30세,334,4,550,73,456,21
광주,북구,31-40세,325,2,537,58,464,15
광주,북구,41-50세,424,2,709,83,610,16
광주,북구,51-60세,533,9,859,96,745,18
광주,북구,61-64세,170,3,269,31,232,6
광주,북구,65세이상,305,5,466,68,386,12
광주,북구,불명,78,0,85,4,62,19
광주,광산구,12세이하,5,0,7,0,4,3
광주,광산구,13-20세,91,0,139,17,115,7
광주,광산구,21-30세,303,5,515,83,417,15
광주,광산구,31-40세,347,8,593,84,502,7
광주,광산구,41-50세,425,1,737,91,628,18
광주,광산구,51-60세,422,3,668,96,558,14
광주,광산구,61-64세,124,1,200,24,173,3
광주,광산구,65세이상,205,8,317,43,265,9
광주,광산구,불명,38,0,43,1,36,6
광주,남구,12세이하,3,0,3,1,2,0
광주,남구,13-20세,25,0,46,3,40,3
광주,남구,21-30세,108,2,179,30,143,6
광주,남구,31-40세,112,2,164,28,130,6
광주,남구,41-50세,145,4,209,36,166,7
광주,남구,51-60세,176,1,264,38,221,5
광주,남구,61-64세,69,1,107,18,82,7
광주,남구,65세이상,118,1,189,31,150,8
광주,남구,불명,13,0,13,0,11,2
대전,동구,13-20세,31,0,55,7,47,1
대전,동구,21-30세,180,6,258,55,198,5
대전,동구,31-40세,177,3,286,66,216,4
대전,동구,41-50세,236,7,330,64,255,11
대전,동구,51-60세,311,4,433,100,328,5
대전,동구,61-64세,115,0,176,37,136,3
대전,동구,65세이상,188,4,253,66,186,1
대전,동구,불명,20,0,20,3,14,3
대전,중구,12세이하,1,0,1,0,1,0
대전,중구,13-20세,18,0,24,7,15,2
대전,중구,21-30세,148,2,221,49,166,6
대전,중구,31-40세,148,2,232,38,181,13
대전,중구,41-50세,243,2,358,65,281,12
대전,중구,51-60세,292,4,409,70,320,19
대전,중구,61-64세,86,0,133,27,103,3
대전,중구,65세이상,171,2,254,44,200,10
대전,중구,불명,21,0,25,7,16,2
대전,서구,12세이하,2,0,2,1,1,0
대전,서구,13-20세,55,1,80,18,57,5
대전,서구,21-30세,427,5,676,106,552,18
대전,서구,31-40세,418,6,655,113,520,22
대전,서구,41-50세,458,3,661,103,540,18
대전,서구,51-60세,483,3,756,125,609,22
대전,서구,61-64세,175,3,253,41,201,11
대전,서구,65세이상,232,1,326,56,256,14
대전,서구,불명,60,0,67,6,58,3
대전,유성구,12세이하,1,0,1,0,0,1
대전,유성구,13-20세,32,2,50,6,43,1
대전,유성구,21-30세,318,6,514,95,401,18
대전,유성구,31-40세,347,4,595,83,467,45
대전,유성구,41-50세,430,5,676,98,539,39
대전,유성구,51-60세,473,3,789,130,607,52
대전,유성구,61-64세,132,0,227,60,163,4
대전,유성구,65세이상,198,2,314,49,256,9
대전,유성구,불명,30,0,35,2,26,7
대전,대덕구,13-20세,16,1,28,3,22,3
대전,대덕구,21-30세,124,0,188,29,147,12
대전,대덕구,31-40세,135,0,202,39,150,13
대전,대덕구,41-50세,189,4,287,54,204,29
대전,대덕구,51-60세,248,5,345,60,264,21
대전,대덕구,61-64세,79,1,116,24,86,6
대전,대덕구,65세이상,85,2,98,26,66,6
대전,대덕구,불명,21,0,23,5,12,6
울산,중구,12세이하,2,0,2,0,2,0
울산,중구,13-20세,27,0,39,8,22,9
울산,중구,21-30세,110,2,171,36,110,25
울산,중구,31-40세,112,1,159,41,100,18
울산,중구,41-50세,148,5,203,46,138,19
울산,중구,51-60세,178,1,270,59,182,29
울산,중구,61-64세,65,0,85,18,62,5
울산,중구,65세이상,114,1,138,41,80,17
울산,중구,불명,13,0,13,2,8,3
울산,남구,12세이하,1,0,1,0,1,0
울산,남구,13-20세,28,0,36,13,21,2
울산,남구,21-30세,208,8,276,80,187,9
울산,남구,31-40세,183,2,265,70,183,12
울산,남구,41-50세,242,6,337,94,232,11
울산,남구,51-60세,314,3,460,139,300,21
울산,남구,61-64세,107,2,156,27,119,10
울산,남구,65세이상,133,2,185,74,105,6
울산,남구,불명,38,0,41,6,28,7
울산,동구,13-20세,19,0,28,8,20,0
울산,동구,21-30세,90,3,126,34,92,0
울산,동구,31-40세,77,0,103,21,82,0
울산,동구,41-50세,95,2,111,37,74,0
울산,동구,51-60세,122,0,155,51,102,2
울산,동구,61-64세,35,1,41,11,30,0
울산,동구,65세이상,51,0,58,25,32,1
울산,동구,불명,18,0,19,3,13,3
울산,북구,12세이하,1,0,1,1,0,0
울산,북구,13-20세,16,0,24,2,18,4
울산,북구,21-30세,97,7,184,37,132,15
울산,북구,31-40세,118,2,168,41,115,12
울산,북구,41-50세,129,3,200,55,129,16
울산,북구,51-60세,158,2,260,73,168,19
울산,북구,61-64세,43,1,59,17,38,4
울산,북구,65세이상,64,1,89,35,51,3
울산,북구,불명,6,0,6,0,5,1
울산,울주군,13-20세,20,1,27,9,17,1
울산,울주군,21-30세,95,4,135,41,78,16
울산,울주군,31-40세,128,3,188,58,120,10
울산,울주군,41-50세,192,3,322,89,196,37
울산,울주군,51-60세,217,7,342,81,218,43
울산,울주군,61-64세,79,2,139,37,93,9
울산,울주군,65세이상,86,4,140,37,93,10
울산,울주군,불명,13,0,15,2,6,7
세종,세종,12세이하,1,0,1,0,0,1
세종,세종,13-20세,28,1,49,12,37,0
세종,세종,21-30세,102,5,145,35,103,7
세종,세종,31-40세,150,1,218,52,161,5
세종,세종,41-50세,190,2,269,68,194,7
세종,세종,51-60세,165,3,250,64,178,8
세종,세종,61-64세,62,1,91,20,70,1
세종,세종,65세이상,90,7,111,35,75,1
세종,세종,불명,7,0,8,2,6,0
